,player_1_id,player_2_id,id,player_id,num_matches,num_wins,num_games,tournament_ids,last_match,last_match_time,rank,elo,elo_update,elo_peak,de_elo,de_rank,de_update,voobly_elo,voobly_rank,voobly_update
0,4.0,51.0,1,4,398,233,1317,"14,15,18,19,24,28,31,36,39,44,47,57,61,66,75,80,82,83,85,86,88,89,93,101,103,107,109,150,153,163,169,170,180,187,188,194,201,213,216,218,219,237,249,253,262,264,290,297,299,305,312,315,321,324,329,330,332,333,338,339,345,346,359,365,373,374,381,383,386,387,389,390,391,392,395,397,398,401,404,469,471,479,489,494,503,512,521,522,523,525,526,529,533,552,559,561,563,565,583,584,585,591,596,603,604,606,611,618,621,622,623,627,639,641,645,649,650,651,654,656,669",13527.0,2024-03-29 00:00:00,18.0,2253,2024-04-11 01:22:26,2282.0,,,2023-07-09 02:00:20,1970.0,,2023-07-09 02:00:20
45,5.0,35.0,2,5,287,161,929,"2,4,7,8,9,12,15,18,21,25,26,28,36,39,56,57,58,59,60,61,67,69,72,80,84,89,101,102,103,107,153,163,167,168,169,213,214,218,219,237,247,262,267,290,291,293,297,298,304,309,312,315,321,325,328,330,332,339,343,345,346,363,381,387,389,391,397,398,403,404,405,469,471,473,476,488,494,503,512,519,521,525,526,533,548,552,559,561,563,564,579,583,584,606,611,623,627,633,640,649,651,654,656,669,691",13637.0,2024-04-07 00:00:00,35.0,2141,2024-04-11 01:22:26,2187.0,,,2023-07-09 02:00:20,1970.0,,2023-07-09 02:00:20
61,8.0,55.0,4,8,50,27,172,"4,8,9,30,33,35,51,52,59,77,79,80,101,102,155,256",133.0,2018-12-25 23:59:59,,2007,2024-04-11 01:22:26,2062.0,,,2023-07-09 02:00:20,1970.0,,2023-07-09 02:00:20
66,14.0,25.0,6,14,528,343,1739,"2,3,4,8,9,12,14,19,24,26,30,32,34,36,37,40,47,56,61,62,66,75,88,91,93,94,96,101,103,104,150,153,155,163,165,167,169,172,180,181,190,193,195,196,197,208,213,214,216,219,223,225,226,227,228,231,237,239,241,243,247,249,253,254,262,265,267,295,299,305,307,310,315,317,318,319,321,324,330,336,338,345,349,351,353,358,359,360,366,373,376,381,382,383,385,387,389,390,391,392,393,394,395,401,403,405,406,469,471,474,476,477,484,489,494,497,503,507,513,518,519,521,522,523,525,533,535,536,541,552,561,563,564,566,575,584,585,596,599,604,614,623,627,631,645,651,654,665,674,688",13527.0,2024-03-29 00:00:00,8.0,2375,2024-04-11 01:22:26,2397.0,,,2023-07-09 02:00:20,1970.0,,2023-07-09 02:00:20
121,15.0,50.0,7,15,261,122,799,"2,3,4,15,16,19,24,26,31,34,37,44,56,65,66,67,75,80,89,94,101,103,109,150,153,166,167,168,171,173,174,175,178,182,184,193,195,196,197,214,219,223,227,231,238,247,254,262,263,265,291,296,298,304,307,309,315,319,321,322,324,328,330,332,333,336,343,345,353,355,363,376,378,387,390,392,403,404,405,420,473,475,494,503,512,552,559,564,565,579,584,622,627,645,656,669,691",13517.0,2024-03-28 00:00:00,57.0,2077,2024-04-11 01:22:26,2175.0,,,2023-07-09 02:00:20,1970.0,,2023-07-09 02:00:20
136,17.0,142.0,8,17,13,5,46,"14,21,34,66,80,92,103",1328.0,2019-04-19 00:00:00,,1995,2024-04-11 01:22:26,1999.0,,,2023-07-09 02:00:20,1970.0,,2023-07-09 02:00:20
137,18.0,55.0,9,18,239,128,804,"2,4,8,9,15,18,25,30,31,33,35,36,37,38,51,52,53,54,59,63,66,67,75,79,80,83,89,96,101,102,150,153,165,166,167,168,176,181,192,200,209,213,214,218,219,237,238,241,247,290,291,293,295,298,301,304,309,315,319,321,324,325,330,339,343,353,374,389,471,503,552,559,564,566,579,583,590,595,611,621,623,627,633,645,650,656,666,669,682,691",13524.0,2024-03-30 00:00:00,44.0,2107,2024-04-11 01:22:26,2129.0,,,2023-07-09 02:00:20,1970.0,,2023-07-09 02:00:20
143,19.0,3.0,10,19,360,252,1412,"2,4,7,12,14,15,16,17,19,24,32,34,50,56,57,65,70,71,80,83,84,88,93,94,95,96,101,103,108,159,163,169,184,198,201,212,216,219,229,233,239,245,253,262,267,280,299,305,310,315,328,330,338,345,353,366,373,381,383,387,388,390,391,392,397,401,403,405,474,477,489,497,503,513,517,522,525,529,535,536,541,552,561,564,566,575,589,596,604,614,622,624,631,641,654,665,674",13344.0,2024-02-27 00:00:00,4.0,2402,2024-04-11 01:22:26,2422.0,,,2023-07-09 02:00:20,1970.0,,2023-07-09 02:00:20
248,21.0,16.0,11,21,125,64,389,"2,4,30,32,36,44,57,67,89,93,94,96,153,167,168,213,219,232,238,245,247,249,262,332,333,343,353,387,392,403,469,471,494,503,505,512,517,525,526,552,559,584,603,604,669,691",13636.0,2024-04-07 00:00:00,42.0,2115,2024-04-11 01:22:26,2146.0,,,2023-07-09 02:00:20,1970.0,,2023-07-09 02:00:20
251,22.0,8.0,12,22,2,1,8,80,1141.0,2013-11-03 00:00:00,,1900,2024-04-11 01:22:26,1909.0,,,2023-07-09 02:00:20,1970.0,,2023-07-09 02:00:20
253,24.0,1.0,13,24,293,168,1016,"2,4,6,7,15,17,21,23,24,29,31,33,36,37,38,39,40,44,50,56,58,59,62,63,65,66,67,88,93,95,96,99,150,152,159,163,169,190,198,202,212,216,219,238,239,253,256,257,258,259,262,290,299,305,306,315,329,332,333,345,387,395,403,404,405,469,489,497,503,504,513,525,526,552,561,564,566,584,590,613,614,623,624,627,645,651,656,669,674",13476.0,2024-03-17 00:00:00,12.0,2295,2024-04-11 01:22:26,2297.0,,,2023-07-09 02:00:20,1970.0,,2023-07-09 02:00:20
306,25.0,27.0,14,25,239,163,918,"2,4,6,7,12,14,23,24,36,37,38,47,58,62,88,93,95,99,108,150,159,163,169,198,212,216,219,229,239,253,256,257,262,267,280,299,305,315,321,329,332,338,345,353,489,497,507,513,536,552,561,596,604,624,631,665,674",13355.0,2024-03-03 00:00:00,5.0,2387,2024-04-11 01:22:26,2434.0,,,2023-07-09 02:00:20,1970.0,,2023-07-09 02:00:20
415,27.0,31.0,15,27,343,227,1115,"2,7,12,18,24,28,32,36,37,38,39,44,47,58,69,75,79,88,93,96,99,101,102,150,151,153,159,163,167,169,194,198,213,216,219,239,247,249,253,262,267,279,280,290,293,297,299,305,312,315,321,329,345,346,359,365,373,374,386,387,388,390,391,392,395,401,403,405,469,494,497,503,504,513,525,526,536,547,552,561,564,566,584,590,591,599,600,611,623,631,649,651,656,669,698,702",13639.0,2024-04-08 00:00:00,13.0,2295,2024-04-11 01:22:26,2341.0,,,2023-07-09 02:00:20,1970.0,,2023-07-09 02:00:20
454,28.0,62.0,16,28,281,219,1103,"2,14,15,17,18,24,30,31,63,66,67,88,93,94,96,99,104,108,150,151,152,159,163,169,170,190,198,212,216,219,229,239,241,253,262,280,299,305,329,332,338,345,353,388,392,394,401,403,405,489,497,503,507,513,518,519,521,523,535,536,541,547,552,561,575,589,596,604,624,630,631,654,665,674,688,702",13552.0,2024-04-05 00:00:00,1.0,2543,2024-04-11 01:22:26,2543.0,,,2023-07-09 02:00:20,1970.0,,2023-07-09 02:00:20
546,29.0,27.0,17,29,515,426,1928,"2,4,6,7,14,15,17,19,23,24,28,29,30,31,36,37,38,39,40,44,47,50,57,58,59,60,62,65,66,70,74,76,80,82,83,84,85,88,93,94,96,99,100,101,102,103,108,150,151,152,159,163,169,172,176,179,181,190,203,212,216,219,229,239,241,243,253,256,262,267,280,288,299,305,306,315,329,330,338,345,353,358,359,366,404,405,474,477,484,489,497,503,507,513,518,519,522,523,529,533,536,541,559,561,563,564,566,575,589,596,604,622,624,631,654,665,674",13354.0,2024-03-03 00:00:00,2.0,2450,2024-04-11 01:22:26,2479.0,,,2023-07-09 02:00:20,1970.0,,2023-07-09 02:00:20
692,31.0,27.0,18,31,530,374,1945,"2,4,6,7,12,16,17,19,21,23,24,26,28,29,30,36,37,38,39,40,47,50,51,52,54,56,58,59,60,61,62,63,64,65,66,67,68,75,84,88,91,93,94,95,99,102,108,150,151,159,163,169,170,171,174,190,194,198,202,205,212,216,219,239,241,243,249,253,256,257,258,262,279,280,293,295,301,305,306,310,315,321,329,338,345,349,353,359,365,366,369,374,381,382,383,387,389,390,392,394,399,403,405,420,474,484,489,497,507,513,523,533,536,552,561,563,564,566,575,585,589,596,599,604,614,623,624,628,631,641,651,654,661,665,669,674,688",13553.0,2024-04-01 00:00:00,3.0,2434,2024-04-11 01:22:26,2458.0,,,2023-07-09 02:00:20,1970.0,,2023-07-09 02:00:20
788,34.0,91.0,19,34,25,12,103,"2,4,12,15,30,219,238,245,247",4640.0,2021-02-26 00:00:00,,2014,2024-04-11 01:22:26,2032.0,,,2023-07-09 02:00:20,1950.0,,2023-07-09 02:00:20
790,36.0,119.0,20,36,15,4,33,"14,17,30,44,80,245,316",6407.0,2021-08-29 00:00:00,,1955,2024-04-11 01:22:26,1988.0,,,2023-07-09 02:00:20,1970.0,,2023-07-09 02:00:20
794,50.0,178.0,24,50,95,48,313,"2,8,9,14,15,17,21,29,67,87,96,102,103,110,111,153,155,217,219,237,246,247,262,264,267,283,315,343,345,363,408",8299.0,2022-05-17 00:00:00,,2092,2024-04-11 01:22:26,2096.0,,,2023-07-09 02:00:20,1970.0,,2023-07-09 02:00:20
804,51.0,1.0,25,51,272,173,950,"2,4,9,12,24,32,67,88,93,99,107,108,150,151,152,153,163,167,168,169,213,216,217,219,237,238,239,247,253,262,267,299,305,310,315,321,329,330,332,338,345,349,353,366,373,381,383,387,388,390,391,392,397,401,403,405,408,474,489,497,503,507,513,518,525,529,535,536,552,561,564,566,596,604,623,627,631,651,656,669,693",13565.0,2024-03-24 00:00:00,17.0,2271,2024-04-11 01:22:26,2358.0,,,2023-07-09 02:00:20,1970.0,,2023-07-09 02:00:20
858,52.0,30.0,26,52,119,66,379,"2,4,14,32,44,62,88,93,99,108,163,167,168,169,212,214,216,217,219,239,247,262,305,315,343,345,353,387,403,404,469,471,494,503,552,559,561,669",13236.0,2024-01-28 00:00:00,31.0,2163,2024-04-11 01:22:26,2187.0,,,2023-07-09 02:00:20,1970.0,,2023-07-09 02:00:20
877,53.0,121.0,27,53,28,8,92,"12,30,44,59,92,150,153,217,219,221,247,349,353,366,523,669",13211.0,2024-01-25 00:00:00,186.0,1953,2024-04-11 01:22:26,2014.0,,,2023-07-09 02:00:20,1970.0,,2023-07-09 02:00:20
878,56.0,54.0,28,56,31,12,104,"15,19,21,29,62,65,80,84,85,103",840.0,2016-10-14 00:00:00,,1998,2024-04-11 01:22:26,2043.0,,,2023-07-09 02:00:20,1946.0,,2023-07-09 02:00:20
881,58.0,1.0,29,58,75,41,291,"15,19,29,33,56,59,61,62,65,66,72,75,77,79,80,84,92,101,103",2544.0,2019-04-13 00:00:00,,2073,2024-04-11 01:22:26,2125.0,,,2023-07-09 02:00:20,1970.0,,2023-07-09 02:00:20
889,67.0,1070.0,30,67,59,26,176,"8,56,63,193,238,240,261,262,315,323,326,343,349,403,404,487,491,503,505,512,525,526,552,559,579,637,640,649,691",13522.0,2024-03-29 00:00:00,68.0,2041,2024-04-11 01:22:26,2055.0,,,2023-07-09 02:00:20,,,2023-07-09 02:00:20
892,75.0,743.0,33,75,111,71,369,"2,9,26,89,92,150,153,164,166,168,192,213,219,231,241,246,247,262,290,295,305,306,315,325,328,330,332,333,334,353,363,366,385,403",8382.0,2022-08-10 00:00:00,,2240,2024-04-11 01:22:26,2240.0,,,2023-07-09 02:00:20,1970.0,,2023-07-09 02:00:20
899,90.0,7.0,37,90,9,1,31,"21,34,80,101,343",6783.0,2021-10-30 00:00:00,,1964,2024-04-11 01:22:26,1996.0,,,2023-07-09 02:00:20,1970.0,,2023-07-09 02:00:20
901,94.0,1143.0,39,94,90,43,308,"2,4,8,40,89,92,107,150,153,166,167,168,219,291,298,304,309,311,315,337,343,371,385,399,402,413,498,503,552,559,564,579,582,584,590,598,599,623,627,643,669",13221.0,2024-01-26 00:00:00,79.0,2025,2024-04-11 01:22:26,2072.0,,,2023-07-09 02:00:20,1970.0,,2023-07-09 02:00:20
902,110.0,159.0,40,110,14,6,44,"34,77,79,101",445.0,2015-05-31 00:00:00,,1993,2024-04-11 01:22:26,2017.0,,,2023-07-09 02:00:20,1970.0,,2023-07-09 02:00:20
908,154.0,50.0,45,154,31,13,93,"80,82,87,100,101,264,565,603",1130.0,2013-10-27 00:00:00,,2031,2024-04-11 01:22:26,2061.0,,,2023-07-09 02:00:20,1638.0,,2023-07-09 02:00:20
923,167.0,142.0,46,167,45,26,128,"86,87,110,113,114,115,117,119,122,157,264,285,565,603",2356.0,2010-03-13 00:00:00,,2023,2024-04-11 01:22:26,2051.0,,,2023-07-09 02:00:20,1884.0,,2023-07-09 02:00:20
936,176.0,3.0,47,176,14,10,82,"86,264,603",1233.0,2010-05-09 00:00:00,,2057,2024-04-11 01:22:26,2064.0,,,2023-07-09 02:00:20,1773.0,,2023-07-09 02:00:20
945,177.0,142.0,48,177,15,7,61,"87,110,264,603",1270.0,2010-02-28 00:00:00,,1984,2024-04-11 01:22:26,2019.0,,,2023-07-09 02:00:20,1970.0,,2023-07-09 02:00:20
950,178.0,167.0,49,178,47,25,158,"86,87,109,111,254,264,267,290,293,300,315,319,325,565,603",6330.0,2021-08-14 00:00:00,,2021,2024-04-11 01:22:26,2082.0,,,2023-07-09 02:00:20,1917.0,,2023-07-09 02:00:20
966,32.0,5.0,52,32,232,132,745,"2,4,7,12,15,18,24,28,30,35,36,37,38,39,47,50,56,57,59,62,66,69,71,73,75,77,80,100,101,102,103,104,153,167,169,190,214,219,238,241,247,262,267,290,293,310,315,325,329,330,338,343,345,353,366,385,387,392,395,403,404,413,469,471,474,479,494,503,512,526,552,559,561,564,566,590,651,669",13234.0,2024-01-27 00:00:00,32.0,2162,2024-04-11 01:22:26,2188.0,,,2023-07-09 02:00:20,1970.0,,2023-07-09 02:00:20
981,81.0,112.0,54,81,6,0,11,"18,56,80,101,110",682.0,2016-04-09 00:00:00,,1877,2024-04-11 01:22:26,1896.0,,,2023-07-09 02:00:20,,,2023-07-09 02:00:20
983,86.0,33.0,55,86,27,9,64,"18,66,71,75,80,100,102,103,268,403,404,469,471,552",10273.0,2023-04-29 00:00:00,154.0,1966,2024-04-11 01:22:26,2038.0,,,2023-07-09 02:00:20,1962.0,,2023-07-09 02:00:20
988,108.0,1515.0,59,108,13,5,45,"34,66,80,157,264,565,603",440.0,2015-05-31 00:00:00,,1974,2024-04-11 01:22:26,1999.0,,,2023-07-09 02:00:20,,,2023-07-09 02:00:20
1009,148.0,914.0,78,148,26,10,60,"18,76,80,90,102,103,110,247,293,565,603",5535.0,2021-06-05 00:00:00,,1939,2024-04-11 01:22:26,1990.0,,,2023-07-09 02:00:20,,,2023-07-09 02:00:20
1016,155.0,32.0,81,155,8,3,26,"78,101",1087.0,2014-03-11 00:00:00,,2017,2024-04-11 01:22:26,2017.0,,,2023-07-09 02:00:20,,,2023-07-09 02:00:20
1019,158.0,54.0,84,158,3,1,11,"78,80",1082.0,2014-02-16 00:00:00,,1907,2024-04-11 01:22:26,1907.0,,,2023-07-09 02:00:20,,,2023-07-09 02:00:20
1020,159.0,153.0,85,159,117,47,272,"79,101,197,343,350,353,354,355,357,359,361,363,365,366,367,376,380,392,398,403,410,413,468,491,503,505,520,523,545,547,552,554,557,558,564,570,574,579,581,584,595,611,621,639,640,658,666,669,671,677,684,690,698,702",13619.0,2024-04-06 00:00:00,98.0,2006,2024-04-11 01:22:26,2018.0,,,2023-07-09 02:00:20,,,2023-07-09 02:00:20
1024,164.0,86.0,89,164,14,4,37,"80,100,103,109,565,603",1623.0,2015-03-15 00:00:00,,1978,2024-04-11 01:22:26,2020.0,,,2023-07-09 02:00:20,,,2023-07-09 02:00:20
1029,169.0,7.0,91,169,31,16,84,"80,90,103,109,110,113,115,120,124,132,157,565",1595.0,2015-03-05 00:00:00,,1994,2024-04-11 01:22:26,2034.0,,,2023-07-09 02:00:20,,,2023-07-09 02:00:20
1044,174.0,2.0,95,174,4,1,7,"80,101",1136.0,2013-10-27 00:00:00,,1900,2024-04-11 01:22:26,1905.0,,,2023-07-09 02:00:20,,,2023-07-09 02:00:20
1046,202.0,142.0,97,202,4,1,4,100,1454.0,2011-10-31 00:00:00,,1896,2024-04-11 01:22:26,1897.0,,,2023-07-09 02:00:20,,,2023-07-09 02:00:20
1049,211.0,60.0,100,211,1,0,1,101,1464.0,2013-08-11 00:00:00,,1898,2024-04-11 01:22:26,1898.0,,,2023-07-09 02:00:20,,,2023-07-09 02:00:20
1050,212.0,4.0,101,212,1,0,1,101,1465.0,2013-08-11 00:00:00,,1898,2024-04-11 01:22:26,1898.0,,,2023-07-09 02:00:20,,,2023-07-09 02:00:20
1055,217.0,1.0,106,217,1,0,1,101,1476.0,2013-08-11 00:00:00,,1899,2024-04-11 01:22:26,1899.0,,,2023-07-09 02:00:20,,,2023-07-09 02:00:20
1056,218.0,30.0,107,218,1,0,1,101,1477.0,2013-08-11 00:00:00,,1898,2024-04-11 01:22:26,1898.0,,,2023-07-09 02:00:20,,,2023-07-09 02:00:20
1057,220.0,14.0,108,220,3,1,3,101,1496.0,2013-08-31 00:00:00,,1899,2024-04-11 01:22:26,1902.0,,,2023-07-09 02:00:20,,,2023-07-09 02:00:20
1058,221.0,220.0,109,221,18,7,48,"101,246,262,263,264,442,443,603",8443.0,2021-06-06 00:00:00,,1991,2024-04-11 01:22:26,1991.0,,,2023-07-09 02:00:20,,,2023-07-09 02:00:20
1078,242.0,952.0,128,242,3,0,4,"103,264,565",1594.0,2015-03-05 00:00:00,,1896,2024-04-11 01:22:26,1899.0,,,2023-07-09 02:00:20,,,2023-07-09 02:00:20
1081,2.0,29.0,130,2,259,135,856,"2,4,7,8,14,18,24,35,36,38,59,66,67,75,77,79,80,83,89,96,101,103,104,168,190,192,202,203,210,211,213,214,216,218,219,238,241,247,249,262,264,267,290,291,293,298,301,304,309,310,315,319,321,328,330,333,339,343,345,349,353,359,363,366,373,381,383,385,387,390,395,403,404,413,469,471,494,497,503,513,525,526,533,552,559,561,563,564,566,584,596,604,611,623,627,649,651,654,656,669,691",13603.0,2024-04-06 00:00:00,43.0,2108,2024-04-11 01:22:26,2195.0,,,2023-07-09 02:00:20,1970.0,,2023-07-09 02:00:20
1099,3.0,15.0,131,3,121,82,428,"2,7,12,15,18,19,28,44,57,65,70,72,74,80,86,87,100,101,102,103,161,214,219,238,247,262,264,287,291,298,304,309,315,343,603",6829.0,2021-10-31 00:00:00,,2154,2024-04-11 01:22:26,2237.0,,,2023-07-09 02:00:20,1970.0,,2023-07-09 02:00:20
1129,7.0,64.0,132,7,48,15,139,"15,18,21,44,56,59,61,67,80,101,102,103,167,213,214,219,238,264,290,293,315,319,339,343,525",9842.0,2023-02-17 00:00:00,,1959,2024-04-11 01:22:26,1996.0,,,2023-07-09 02:00:20,1970.0,,2023-07-09 02:00:20
1133,11.0,900.0,134,11,174,83,496,"25,29,40,44,57,92,110,113,114,118,150,151,153,164,166,183,186,205,206,213,214,219,224,225,226,228,238,242,246,247,254,256,258,259,262,263,267,290,291,293,298,304,305,309,318,319,321,325,330,338,343,381,392,403,404,469,471,512,533,552,559,562,563,564,579,582,585,590,591,606,614,623,624,627,633,654",12916.0,2023-12-15 00:00:00,58.0,2071,2024-04-11 01:22:26,2097.0,,,2023-07-09 02:00:20,1970.0,,2023-07-09 02:00:20
1136,13.0,1419.0,135,13,96,35,312,"4,9,17,18,36,51,52,55,56,63,64,66,75,76,78,85,92,150,155,157,167,176,193,213,214,230,231,238,241,254,266,268,290,291,293,295,298,304,315,319,324,325,381,387,389,469,472,565,627",12339.0,2023-10-28 00:00:00,166.0,1961,2024-04-11 01:22:26,1996.0,,,2023-07-09 02:00:20,1970.0,,2023-07-09 02:00:20
1137,26.0,24.0,136,26,73,48,271,"4,14,219,238,247,262,505,512,525,526,552,561,584,590,596,623,624,631,649,651,665,669,674",13341.0,2024-02-26 00:00:00,11.0,2301,2024-04-11 01:22:26,2310.0,,,2023-07-09 02:00:20,1970.0,,2023-07-09 02:00:20
1144,30.0,24.0,137,30,339,218,1176,"4,6,19,24,29,40,58,67,70,73,74,80,82,84,85,86,88,89,99,100,101,102,103,157,214,219,227,237,238,241,242,247,253,262,264,267,287,290,295,299,305,306,310,315,325,329,330,338,345,349,353,358,359,366,381,387,388,390,392,403,405,469,471,474,484,489,497,503,504,507,513,523,525,526,533,536,559,561,563,564,565,566,575,584,603,604,622,623,627,631,651,656,665,674",13348.0,2024-02-29 00:00:00,7.0,2385,2024-04-11 01:22:26,2411.0,,,2023-07-09 02:00:20,1970.0,,2023-07-09 02:00:20
1216,54.0,241.0,139,54,57,26,179,"2,14,15,19,21,32,34,57,59,62,67,80,89,101,103,233,245,669",13173.0,2024-01-23 00:00:00,86.0,2019,2024-04-11 01:22:26,2065.0,,,2023-07-09 02:00:20,1970.0,,2023-07-09 02:00:20
1218,55.0,19.0,140,55,493,319,1702,"4,8,9,15,24,29,30,31,33,35,36,37,39,40,47,56,59,60,61,62,66,75,76,89,94,107,150,153,155,166,167,168,169,170,171,174,176,187,190,198,201,203,213,215,216,219,227,231,235,237,239,241,247,248,253,257,258,259,262,267,269,271,272,274,295,299,303,305,306,310,315,321,329,330,332,338,345,352,353,366,373,376,381,385,386,387,390,392,394,397,401,403,405,415,417,418,420,421,423,424,426,427,428,431,432,435,445,455,460,474,477,484,494,497,503,513,514,518,519,521,522,523,525,526,533,536,541,552,561,563,564,566,567,569,575,584,585,588,589,590,591,596,599,614,615,623,626,631,632,644,645,651,654,656,662,664,669,674,694",13569.0,2024-03-23 00:00:00,14.0,2290,2024-04-11 01:22:26,2345.0,,,2023-07-09 02:00:20,1970.0,,2023-07-09 02:00:20
1269,64.0,510.0,142,64,33,16,100,"2,17,90,157,166,168,219,245,316,343,503,505,517,559",10450.0,2023-05-06 00:00:00,103.0,2002,2024-04-11 01:22:26,2005.0,,,2023-07-09 02:00:20,1970.0,,2023-07-09 02:00:20
1271,65.0,172.0,143,65,43,14,135,"4,17,29,33,36,38,47,56,59,66,75,76,77,80,102,155,166,256,257,685",13452.0,2024-03-10 00:00:00,179.0,1956,2024-04-11 01:22:26,1991.0,,,2023-07-09 02:00:20,1970.0,,2023-07-09 02:00:20
1272,66.0,29.0,144,66,31,12,87,"17,78,101,102,150,196,219,223,231,237,247,290,291,293,298,304,309,334,343",6830.0,2021-10-31 00:00:00,,1995,2024-04-11 01:22:26,2005.0,,,2023-07-09 02:00:20,,,2023-07-09 02:00:20
1273,68.0,64.0,145,68,21,9,68,"2,8,96,150,219,238,247,343,552,559",10443.0,2023-05-06 00:00:00,112.0,1995,2024-04-11 01:22:26,2004.0,,,2023-07-09 02:00:20,1970.0,,2023-07-09 02:00:20
1274,69.0,15.0,146,69,144,77,456,"2,8,9,18,25,89,107,150,153,167,168,201,219,227,237,239,247,262,266,268,290,293,315,319,321,325,333,343,345,353,359,363,387,390,402,403,404,469,472,489,494,512,518,521,552,559,561,564,584,596,604,608,651,656,669,691",13606.0,2024-04-06 00:00:00,24.0,2209,2024-04-11 01:22:26,2219.0,,,2023-07-09 02:00:20,1970.0,,2023-07-09 02:00:20
1282,79.0,149.0,149,79,228,138,733,"2,9,16,24,29,56,61,63,75,92,153,166,167,168,213,214,219,231,237,238,247,253,262,290,293,305,315,319,321,325,329,343,345,349,353,356,360,363,386,387,391,392,394,397,403,404,469,471,473,476,494,501,503,513,522,525,526,533,534,535,552,561,563,564,566,584,596,604,623,631,638,641,651,654,656,669,674",13338.0,2024-02-25 00:00:00,9.0,2329,2024-04-11 01:22:26,2341.0,,,2023-07-09 02:00:20,1970.0,,2023-07-09 02:00:20
1294,84.0,3.0,150,84,60,19,161,"18,21,26,56,61,65,75,80,82,84,85,100,102,103,107,110,161,167,175,185,241,254,290,293,333,583",11237.0,2023-07-21 00:00:00,229.0,1929,2024-04-11 01:22:26,2026.0,,,2023-07-09 02:00:20,1970.0,,2023-07-09 02:00:20
1302,99.0,2.0,153,99,319,183,908,"24,26,30,92,167,168,192,196,197,213,214,215,219,227,231,235,237,238,241,246,247,248,257,258,262,269,271,273,275,276,277,290,291,293,295,296,298,301,304,309,315,325,330,332,343,345,349,352,353,363,366,381,383,386,387,390,391,392,394,397,401,403,404,413,414,415,416,417,418,421,422,423,424,425,426,427,433,434,436,438,448,455,469,471,473,476,494,497,512,514,525,526,533,546,552,559,560,561,563,564,568,569,584,585,591,597,604,614,615,617,623,626,627,632,644,645,648,651,652,654,656,663,664,669,679,691",13636.0,2024-04-07 00:00:00,22.0,2216,2024-04-11 01:22:26,2221.0,,,2023-07-09 02:00:20,,,2023-07-09 02:00:20
1310,100.0,19.0,154,100,150,74,463,"25,30,33,38,40,52,55,56,61,92,107,166,167,171,197,214,219,221,222,237,241,243,246,247,257,259,262,290,293,296,301,315,324,325,327,330,343,353,355,360,366,385,413,442,469,471,494,503,508,513,559,564,566,584,585,604,623,627,651,656,669,688,691",13608.0,2024-04-07 00:00:00,46.0,2102,2024-04-11 01:22:26,2120.0,,,2023-07-09 02:00:20,1970.0,,2023-07-09 02:00:20
1326,127.0,919.0,164,127,123,45,335,"25,56,61,90,113,114,115,116,119,121,126,128,157,158,166,167,168,181,185,192,211,214,227,254,264,285,290,291,293,295,298,301,304,308,309,315,330,334,343,351,353,355,366,376,387,404,469,473,484,494,501,505,525,526,552,559,562,564,565,579,623,627,638,654,669",13202.0,2024-01-24 00:00:00,234.0,1925,2024-04-11 01:22:26,2018.0,,,2023-07-09 02:00:20,,,2023-07-09 02:00:20
1338,132.0,448.0,166,132,61,21,169,"29,59,63,66,155,168,237,238,290,291,293,298,301,315,319,325,333,343,353,361,366,381,503,505,509,525,526,551,552,559,593,627,630,669",13227.0,2024-01-26 00:00:00,158.0,1964,2024-04-11 01:22:26,2012.0,,,2023-07-09 02:00:20,1970.0,,2023-07-09 02:00:20
1341,149.0,1095.0,169,149,184,97,557,"18,24,26,76,77,80,102,192,204,214,219,227,231,237,238,241,247,249,254,260,262,263,290,291,293,295,298,301,304,305,309,315,319,324,325,330,332,333,336,339,343,345,355,359,363,365,387,392,398,403,404,413,484,533,583,611,621,640",12573.0,2023-11-24 00:00:00,49.0,2098,2024-04-11 01:22:26,2172.0,,,2023-07-09 02:00:20,1970.0,,2023-07-09 02:00:20
1343,166.0,663.0,171,166,13,5,45,"80,256,259,262,288,300,655",12949.0,2023-11-24 00:00:00,130.0,1978,2024-04-11 01:22:26,2015.0,,,2023-07-09 02:00:20,,,2023-07-09 02:00:20
1345,175.0,90.0,172,175,25,10,75,"83,85,101,102,110,157,183,194,204,213,290,313,675",13389.0,2024-02-25 00:00:00,171.0,1959,2024-04-11 01:22:26,2004.0,,,2023-07-09 02:00:20,,,2023-07-09 02:00:20
1347,195.0,1639.0,173,195,148,76,487,"92,153,166,168,185,192,197,213,214,219,238,246,247,254,260,262,281,290,291,293,295,298,304,309,315,319,324,325,328,330,331,332,333,336,338,343,345,353,363,381,494,503,519,525,526,533,539,552,576,579,584,590,623,624,627,645,651,654,656,669,689",13514.0,2024-03-30 00:00:00,48.0,2101,2024-04-11 01:22:26,2148.0,,,2023-07-09 02:00:20,1970.0,,2023-07-09 02:00:20
1355,199.0,447.0,175,199,93,40,260,"25,94,246,247,254,263,295,315,324,330,331,334,336,343,353,355,361,392,403,484,494,503,505,512,552,559,579,584,585,590,591,614,623,627,651,656,666,669,691",13604.0,2024-04-06 00:00:00,41.0,2119,2024-04-11 01:22:26,2119.0,,,2023-07-09 02:00:20,,,2023-07-09 02:00:20
1356,219.0,19.0,176,219,20,14,43,"101,262,442,443,451",8872.0,2022-09-18 00:00:00,,2044,2024-04-11 01:22:26,2044.0,,,2023-07-09 02:00:20,,,2023-07-09 02:00:20
1358,245.0,610.0,178,245,219,120,565,"25,104,167,174,215,219,231,235,237,238,246,247,248,269,270,271,275,290,291,293,296,298,301,304,309,315,325,332,333,343,352,353,361,363,366,387,400,403,404,413,416,419,420,422,423,424,427,428,429,430,433,434,437,438,447,454,456,458,460,462,471,474,512,514,525,526,530,552,559,561,564,566,567,569,590,597,609,617,623,626,627,632,644,651,653,656,662,669,680,691",13525.0,2024-03-30 00:00:00,36.0,2138,2024-04-11 01:22:26,2166.0,,,2023-07-09 02:00:20,,,2023-07-09 02:00:20
1363,266.0,1.0,183,266,8,4,44,90,1768.0,2007-01-20 00:00:00,,2015,2024-04-11 01:22:26,2039.0,,,2023-07-09 02:00:20,,,2023-07-09 02:00:20
1367,322.0,168.0,184,322,4,1,7,"115,124,128",2470.0,2005-06-13 00:00:00,,1894,2024-04-11 01:22:26,1904.0,,,2023-07-09 02:00:20,,,2023-07-09 02:00:20
1370,323.0,60.0,185,323,36,12,82,"124,126,127,130,134,153,154,166,238,247,268,293,308,315,343,469,472,623,627",12340.0,2023-10-28 00:00:00,232.0,1928,2024-04-11 01:22:26,2001.0,,,2023-07-09 02:00:20,,,2023-07-09 02:00:20
1378,445.0,964.0,187,445,83,49,257,"150,166,168,219,237,238,262,290,291,293,298,304,309,311,315,325,337,343,371,402,404,413,498,503,579,582,584,585,591,598,623,627,643,651,654,656,669,691",13603.0,2024-04-06 00:00:00,37.0,2138,2024-04-11 01:22:26,2138.0,,,2023-07-09 02:00:20,,,2023-07-09 02:00:20
1379,446.0,988.0,188,446,43,15,124,"16,30,92,150,154,166,167,180,191,203,206,214,238,262,284,325,343,490,505,559,564,579,657,669",13199.0,2024-01-24 00:00:00,120.0,1983,2024-04-11 01:22:26,2000.0,,,2023-07-09 02:00:20,,,2023-07-09 02:00:20
1386,458.0,28.0,192,458,126,69,385,"25,153,154,164,166,176,183,190,192,213,214,246,247,262,290,291,293,298,301,304,309,315,372,385,406,413,469,471,474,479,494,503,513,526,552,559,563,564,566,604,623,651,656,669,674,691",13608.0,2024-04-07 00:00:00,27.0,2200,2024-04-11 01:22:26,2200.0,,,2023-07-09 02:00:20,,,2023-07-09 02:00:20
1392,459.0,1093.0,193,459,73,35,230,"92,153,180,189,194,201,202,203,213,227,240,247,255,261,262,263,279,291,295,297,298,304,309,315,323,324,326,330,334,343,346,349,365,374,487,503,505",9515.0,2022-12-19 00:00:00,,2016,2024-04-11 01:22:26,2075.0,,,2023-07-09 02:00:20,,,2023-07-09 02:00:20
1394,499.0,35.0,195,499,115,57,341,"25,92,166,177,181,187,189,194,203,219,240,255,260,261,279,297,301,305,319,323,325,326,330,332,333,346,355,361,374,407,411,468,487,491,495,503,512,523,552,559,584,604,621,637,649,669,691",13523.0,2024-03-30 00:00:00,54.0,2083,2024-04-11 01:22:26,2112.0,,,2023-07-09 02:00:20,,,2023-07-09 02:00:20
1397,502.0,929.0,197,502,166,74,472,"26,92,182,187,194,201,213,231,238,241,247,254,255,260,262,263,278,279,290,291,298,301,304,309,315,324,330,334,343,374,381,389,403,404,413,439,469,471,473,475,476,484,491,494,499,503,505,520,525,526,533,544,548,552,559,577,579,584,595,621,623,627,633,640,645,647,649,650,651,654,656,669,675,688,691",13606.0,2024-04-06 00:00:00,50.0,2094,2024-04-11 01:22:26,2116.0,,,2023-07-09 02:00:20,,,2023-07-09 02:00:20
1399,503.0,1183.0,198,503,20,9,74,"30,92,185,193,207,284,490,657",12957.0,2023-12-07 00:00:00,136.0,1977,2024-04-11 01:22:26,2006.0,,,2023-07-09 02:00:20,,,2023-07-09 02:00:20
1403,534.0,535.0,201,534,5,0,5,142,2688.0,2001-12-06 00:00:00,,1882,2024-04-11 01:22:26,1896.0,,,2023-07-09 02:00:20,,,2023-07-09 02:00:20
1409,598.0,12.0,203,598,77,48,269,"25,30,179,183,190,192,203,204,219,221,222,243,247,296,301,310,315,330,343,349,385,399,403,404,406,413,474,494,564,566",11029.0,2023-06-21 00:00:00,34.0,2157,2024-04-11 01:22:26,2157.0,,,2023-07-09 02:00:20,,,2023-07-09 02:00:20
1414,603.0,79.0,207,603,255,141,757,"24,154,166,167,168,171,222,231,237,238,241,247,249,254,262,263,291,293,295,298,301,304,309,315,317,319,324,325,330,332,333,336,343,349,351,353,355,359,360,363,366,373,376,381,382,389,392,395,403,404,406,412,413,469,471,473,474,476,484,488,494,503,512,525,526,527,552,559,563,564,582,584,585,590,591,623,627,633,645,651,656,668,669,686,691",13605.0,2024-04-06 00:00:00,29.0,2175,2024-04-11 01:22:26,2198.0,,,2023-07-09 02:00:20,,,2023-07-09 02:00:20
1420,605.0,635.0,209,605,112,48,338,"25,166,167,168,204,236,237,246,282,290,291,298,304,309,315,319,324,330,343,344,348,364,377,384,387,388,392,403,404,469,471,473,476,492,494,503,505,506,524,525,526,527,528,538,552,559,579,584,612",12613.0,2023-11-26 00:00:00,80.0,2024,2024-04-11 01:22:26,2049.0,,,2023-07-09 02:00:20,,,2023-07-09 02:00:20
1424,609.0,100.0,213,609,10,3,27,"166,171,176,197,219",3959.0,2020-09-18 00:00:00,,1983,2024-04-11 01:22:26,2012.0,,,2023-07-09 02:00:20,,,2023-07-09 02:00:20
1426,611.0,969.0,215,611,22,10,59,"166,167,168,211,262,311,315,325,337",6599.0,2021-10-03 00:00:00,,1986,2024-04-11 01:22:26,2019.0,,,2023-07-09 02:00:20,,,2023-07-09 02:00:20
1430,616.0,1.0,219,616,183,97,555,"25,26,166,168,190,192,197,213,214,219,222,231,237,238,242,243,247,262,263,290,291,293,298,301,304,309,310,315,330,332,336,343,385,392,403,404,413,469,471,474,494,503,513,525,526,535,552,559,562,563,564,566,584,591,604,614,623,627,633,645,651,656,669,688,691",13604.0,2024-04-06 00:00:00,39.0,2129,2024-04-11 01:22:26,2193.0,,,2023-07-09 02:00:20,,,2023-07-09 02:00:20
1435,619.0,989.0,220,619,36,15,110,"167,182,191,197,219,241,247,262,284,291,298,301,304,309,315,330,331,336,343,490",9077.0,2022-10-24 00:00:00,,2009,2024-04-11 01:22:26,2025.0,,,2023-07-09 02:00:20,,,2023-07-09 02:00:20
1445,635.0,651.0,229,635,226,136,694,"25,26,167,168,179,237,238,262,290,291,295,298,301,304,309,315,330,331,333,343,349,353,361,363,366,375,381,385,389,392,403,404,406,413,471,473,474,475,476,484,494,503,509,512,522,525,526,529,533,541,552,561,562,563,564,566,580,584,585,591,596,599,604,606,619,623,627,630,631,639,645,651,654,656,665,666,669,672,688",13607.0,2024-04-07 00:00:00,15.0,2286,2024-04-11 01:22:26,2305.0,,,2023-07-09 02:00:20,,,2023-07-09 02:00:20
1466,651.0,899.0,240,651,188,96,573,"25,168,241,246,282,286,290,291,301,302,314,315,320,330,333,343,344,348,349,358,361,363,364,366,370,376,377,381,384,387,388,389,392,403,404,469,471,473,475,476,480,494,503,506,512,521,524,525,526,533,552,559,561,562,563,564,566,584,585,591,604,606,614,623,627,633,645,651,654,656,666,669,688",13557.0,2024-04-04 00:00:00,26.0,2201,2024-04-11 01:22:26,2233.0,,,2023-07-09 02:00:20,,,2023-07-09 02:00:20
1487,722.0,601.0,259,722,103,38,311,"25,26,171,179,192,196,203,222,223,241,243,247,254,268,290,291,293,298,301,304,309,315,324,327,330,343,347,349,351,353,355,361,366,382,385,387,392,399,406,413,472,494,503,508,552,559,562,564,579,582,599,627,669,692",13544.0,2024-03-17 00:00:00,170.0,1960,2024-04-11 01:22:26,2017.0,,,2023-07-09 02:00:20,,,2023-07-09 02:00:20
1488,723.0,765.0,260,723,29,7,79,"176,244,389,406,471,493,494,503,526,539,552,559,564,576,579,689",13550.0,2024-03-30 00:00:00,211.0,1942,2024-04-11 01:22:26,1992.0,,,2023-07-09 02:00:20,,,2023-07-09 02:00:20
1501,736.0,198.0,272,736,48,18,127,"187,205,213,214,219,238,247,316,343,469,503,505,517,525,526,552,559,564,579,584,614,623,627,645,651,656,669,691",13521.0,2024-03-29 00:00:00,71.0,2038,2024-04-11 01:22:26,2041.0,,,2023-07-09 02:00:20,,,2023-07-09 02:00:20
1508,743.0,925.0,279,743,123,73,361,"24,187,195,200,203,214,219,231,238,247,262,263,265,293,298,304,307,309,315,319,321,322,324,325,330,331,332,333,338,343,345,353,355,360,363,378,387,392,403,404,471,473,494,503,512,552,559",10404.0,2023-05-06 00:00:00,51.0,2090,2024-04-11 01:22:26,2177.0,,,2023-07-09 02:00:20,,,2023-07-09 02:00:20
1520,752.0,4.0,288,752,254,146,730,"25,175,197,202,210,211,213,215,219,235,246,247,249,269,271,273,274,290,291,293,298,301,303,304,309,315,319,324,325,330,343,345,353,359,366,376,387,390,392,404,405,413,425,430,433,434,435,438,445,448,449,453,465,466,467,469,471,473,476,478,479,483,484,488,494,513,514,516,525,546,552,561,563,564,566,567,569,572,590,597,615,626,627,632,644,651,652,656,662,664,669,680,688,691",13638.0,2024-04-07 00:00:00,21.0,2226,2024-04-11 01:22:26,2226.0,,,2023-07-09 02:00:20,,,2023-07-09 02:00:20
1526,753.0,1228.0,289,753,23,7,67,"177,200,202,213,223,238,300,409,459,505,579,592,655",12953.0,2023-12-03 00:00:00,196.0,1950,2024-04-11 01:22:26,1992.0,,,2023-07-09 02:00:20,,,2023-07-09 02:00:20
1528,754.0,503.0,290,754,32,6,74,"177,237,262,263,284,325,330,331,343,347,404,413,490,503,505,550,552,562,564,599",11874.0,2023-09-20 00:00:00,233.0,1926,2024-04-11 01:22:26,1994.0,,,2023-07-09 02:00:20,,,2023-07-09 02:00:20
1533,784.0,785.0,295,784,116,56,288,"194,213,214,255,260,263,279,290,293,297,313,315,325,340,341,342,343,350,374,380,403,410,411,468,469,471,491,494,503,505,526,545,547,552,554,555,557,558,559,564,574,579,581,584,585,591,600,601,623,640,656,658,669,671,683,697,702",13632.0,2024-04-04 00:00:00,82.0,2023,2024-04-11 01:22:26,2055.0,,,2023-07-09 02:00:20,,,2023-07-09 02:00:20
1539,801.0,1060.0,301,801,11,4,36,"213,214,237,393,579,602,655",12947.0,2023-11-22 00:00:00,132.0,1978,2024-04-11 01:22:26,1990.0,,,2023-07-09 02:00:20,,,2023-07-09 02:00:20
1555,817.0,941.0,317,817,17,7,44,"197,255,264,380,594,607,621,640",12560.0,2023-11-21 00:00:00,181.0,1955,2024-04-11 01:22:26,2008.0,,,2023-07-09 02:00:20,,,2023-07-09 02:00:20
1574,1.0,2.0,335,1,622,421,2121,"2,4,6,7,8,9,14,15,16,17,19,24,26,28,29,30,31,36,37,38,39,40,44,47,50,56,57,58,62,66,73,80,82,86,87,88,90,91,93,94,96,100,101,102,103,104,108,109,110,112,113,114,115,116,117,119,121,122,124,125,126,127,128,131,132,133,134,135,137,138,150,151,153,157,158,159,163,165,169,190,192,212,216,219,231,237,239,241,243,249,253,254,256,257,258,259,262,264,267,280,285,299,301,305,306,310,315,329,330,338,345,349,353,359,366,374,381,385,387,388,390,392,404,405,474,476,489,494,497,503,504,507,513,519,523,525,526,533,534,552,561,563,564,565,566,575,584,591,596,599,603,604,614,622,623,624,630,631,633,651,654,656,665,674,688",13551.0,2024-04-05 00:00:00,6.0,2386,2024-04-11 01:22:26,2399.0,,,2023-07-09 02:00:20,1970.0,,2023-07-09 02:00:20
1724,12.0,25.0,336,12,271,175,883,"25,92,150,153,154,166,167,168,187,201,211,214,219,236,238,246,247,249,260,262,282,290,291,296,299,325,332,333,343,344,345,348,353,363,364,370,383,384,387,388,390,392,394,403,404,405,469,471,475,484,488,489,494,503,504,506,513,518,522,525,526,529,535,538,541,542,550,552,561,564,566,584,585,590,596,599,623,627,631,641,645,651,654,656,669,674",13533.0,2024-03-20 00:00:00,10.0,2312,2024-04-11 01:22:26,2348.0,,,2023-07-09 02:00:20,1970.0,,2023-07-09 02:00:20
1744,16.0,33.0,337,16,363,211,1221,"2,4,8,12,15,16,19,24,26,30,34,36,37,38,39,40,44,47,50,53,61,62,65,66,69,70,71,72,73,75,76,77,88,91,93,94,96,101,102,103,104,153,163,165,167,168,190,194,197,201,207,209,210,213,214,219,226,227,228,237,238,239,241,247,249,253,254,265,290,293,295,305,307,310,315,319,322,324,325,330,332,333,345,353,359,360,366,376,378,381,385,386,387,389,392,395,403,404,413,469,471,513,525,526,559",10468.0,2023-05-06 00:00:00,38.0,2130,2024-04-11 01:22:26,2203.0,,,2023-07-09 02:00:20,1970.0,,2023-07-09 02:00:20
1768,20.0,17.0,338,20,40,15,103,"12,32,69,80,102,103,153,167,168,245,388",7630.0,2022-05-03 00:00:00,,1977,2024-04-11 01:22:26,2033.0,,,2023-07-09 02:00:20,1970.0,,2023-07-09 02:00:20
1773,33.0,142.0,339,33,135,78,443,"2,4,12,15,30,36,38,39,47,56,61,67,80,82,84,86,88,91,93,100,101,109,153,157,162,167,178,200,204,213,214,219,232,233,245,247,264,565,603",4572.0,2021-02-17 00:00:00,,2057,2024-04-11 01:22:26,2139.0,,,2023-07-09 02:00:20,1970.0,,2023-07-09 02:00:20
1800,35.0,28.0,340,35,212,120,686,"2,4,7,14,15,17,25,30,34,36,57,67,88,91,93,96,150,163,167,168,175,176,180,198,214,219,233,238,239,241,245,247,249,253,262,290,293,299,305,315,328,330,332,333,338,345,353,366,381,387,388,392,403,404,405,469,471,484,503,512,517,525,526,552,561,564,584,604,614,623,627,631,651,654,656,669",13287.0,2024-02-05 00:00:00,19.0,2242,2024-04-11 01:22:26,2261.0,,,2023-07-09 02:00:20,1970.0,,2023-07-09 02:00:20
1819,60.0,177.0,341,60,219,156,641,"15,59,65,66,69,74,75,80,82,87,90,101,103,109,110,111,112,113,114,115,116,118,119,121,122,123,124,125,127,128,130,131,135,137,138,139,140,141,142,145,146,157,158,170,199,220,237,264,285,288,565,603",4374.0,2021-01-03 00:00:00,,2062,2024-04-11 01:22:26,2235.0,,,2023-07-09 02:00:20,1970.0,,2023-07-09 02:00:20
1877,62.0,51.0,342,62,132,70,420,"2,4,8,12,17,30,67,89,107,108,151,153,163,167,169,181,194,197,216,219,221,237,246,247,249,254,256,257,258,259,260,279,290,291,298,304,305,309,315,319,325,353,359,363,403,500,505,512,573,604",11974.0,2023-10-10 00:00:00,40.0,2127,2024-04-11 01:22:26,2158.0,,,2023-07-09 02:00:20,1970.0,,2023-07-09 02:00:20
1883,82.0,142.0,343,82,53,28,206,"18,19,86,90,109,110,111,113,114,115,119,121,157,158,264,565,603",204.0,2015-07-12 00:00:00,,2045,2024-04-11 01:22:26,2076.0,,,2023-07-09 02:00:20,,,2023-07-09 02:00:20
1896,101.0,744.0,344,101,69,24,238,"30,33,56,59,77,79,80,89,91,92,101,107,150,166,167,168,190,192,222,231,237,241,243,290,293,296,301,315,326,343,385,399,413,494,503,505,508,579,582,623",12136.0,2023-10-21 00:00:00,146.0,1970,2024-04-11 01:22:26,2003.0,,,2023-07-09 02:00:20,1970.0,,2023-07-09 02:00:20
1897,129.0,987.0,345,129,145,80,451,"25,29,56,59,63,107,153,155,166,167,168,172,176,179,181,186,190,191,192,219,231,237,238,246,247,249,262,284,290,291,293,298,301,304,309,310,315,330,332,333,336,343,490,657,669",13177.0,2024-01-23 00:00:00,47.0,2101,2024-04-11 01:22:26,2169.0,,,2023-07-09 02:00:20,1970.0,,2023-07-09 02:00:20
1904,142.0,178.0,347,142,105,49,401,"63,80,86,87,100,101,103,109,110,111,114,115,118,157,158,161,214,262,264,293,315,330,332,333,339,343,355,403,413,469,493,533,559,565,579,583,603,611,627,640",12549.0,2023-11-19 00:00:00,189.0,1952,2024-04-11 01:22:26,2069.0,,,2023-07-09 02:00:20,1940.0,,2023-07-09 02:00:20
1935,144.0,260.0,348,144,13,4,43,"90,109,175,213,238,264,288,565,603",4385.0,2021-01-09 00:00:00,,1934,2024-04-11 01:22:26,1990.0,,,2023-07-09 02:00:20,,,2023-07-09 02:00:20
1939,145.0,206.0,349,145,56,39,244,"69,80,86,90,100,101,103,109,110,157,565,603",1625.0,2015-03-15 00:00:00,,2079,2024-04-11 01:22:26,2135.0,,,2023-07-09 02:00:20,1970.0,,2023-07-09 02:00:20
1973,163.0,161.0,350,163,12,4,35,"18,80,109,158,291,293,471,565",8693.0,2022-08-27 00:00:00,,1977,2024-04-11 01:22:26,2010.0,,,2023-07-09 02:00:20,,,2023-07-09 02:00:20
1977,168.0,30.0,351,168,37,22,134,"80,90,100,110,114,119,121,124,126,129,157,158,603",1113.0,2013-10-20 00:00:00,,2105,2024-04-11 01:22:26,2131.0,,,2023-07-09 02:00:20,,,2023-07-09 02:00:20
1990,170.0,108.0,352,170,1,0,4,80,1117.0,2013-10-20 00:00:00,,1896,2024-04-11 01:22:26,1896.0,,,2023-07-09 02:00:20,,,2023-07-09 02:00:20
1991,203.0,164.0,353,203,12,7,16,"100,103,127,129,133",1616.0,2015-03-23 00:00:00,,2007,2024-04-11 01:22:26,2010.0,,,2023-07-09 02:00:20,,,2023-07-09 02:00:20
1995,205.0,204.0,354,205,45,32,70,"100,114,127,129,137,138,140,141,142,143,160",1428.0,2011-10-31 00:00:00,,2056,2024-04-11 01:22:26,2081.0,,,2023-07-09 02:00:20,,,2023-07-09 02:00:20
2004,206.0,29.0,355,206,9,4,27,"100,157,162",1456.0,2011-10-31 00:00:00,,2001,2024-04-11 01:22:26,2016.0,,,2023-07-09 02:00:20,,,2023-07-09 02:00:20
2006,210.0,207.0,357,210,28,21,39,"100,134,136,138,140,141,142",1463.0,2011-10-31 00:00:00,,2059,2024-04-11 01:22:26,2072.0,,,2023-07-09 02:00:20,,,2023-07-09 02:00:20
2017,251.0,302.0,359,251,14,7,44,"109,113,114,115,117,565",1679.0,2009-03-08 00:00:00,,2013,2024-04-11 01:22:26,2033.0,,,2023-07-09 02:00:20,,,2023-07-09 02:00:20
2020,252.0,1396.0,360,252,4,1,10,"109,565",1683.0,2009-03-11 00:00:00,,1990,2024-04-11 01:22:26,2004.0,,,2023-07-09 02:00:20,,,2023-07-09 02:00:20
2021,253.0,169.0,361,253,6,4,24,"109,565",1688.0,2009-03-20 00:00:00,,2000,2024-04-11 01:22:26,2009.0,,,2023-07-09 02:00:20,,,2023-07-09 02:00:20
2025,254.0,60.0,362,254,34,18,138,"110,112,113,115,124,157,162,234",2833.0,2008-08-02 00:00:00,,2012,2024-04-11 01:22:26,2074.0,,,2023-07-09 02:00:20,,,2023-07-09 02:00:20
2037,255.0,1416.0,363,255,6,2,14,"110,565",10791.0,2009-02-15 00:00:00,,1985,2024-04-11 01:22:26,2006.0,,,2023-07-09 02:00:20,,,2023-07-09 02:00:20
2039,256.0,1453.0,364,256,6,3,21,"110,157",1714.0,2008-02-25 00:00:00,,1902,2024-04-11 01:22:26,1910.0,,,2023-07-09 02:00:20,,,2023-07-09 02:00:20
2041,257.0,1447.0,365,257,10,5,29,"110,124,565",10753.0,2009-02-08 00:00:00,,2006,2024-04-11 01:22:26,2018.0,,,2023-07-09 02:00:20,,,2023-07-09 02:00:20
2045,259.0,260.0,367,259,36,15,100,"86,110,114,115,116,117,119,121,123,124,125,126,127,157,264,285,603",2361.0,2010-03-20 00:00:00,,1981,2024-04-11 01:22:26,1999.0,,,2023-07-09 02:00:20,,,2023-07-09 02:00:20
2052,260.0,168.0,368,260,21,9,63,"90,110,114,115,119,134,157",1716.0,2008-03-03 00:00:00,,1989,2024-04-11 01:22:26,2007.0,,,2023-07-09 02:00:20,,,2023-07-09 02:00:20
2054,261.0,279.0,369,261,25,18,80,"90,110,115,121,124,157,234",1710.0,2008-02-24 00:00:00,,2017,2024-04-11 01:22:26,2042.0,,,2023-07-09 02:00:20,,,2023-07-09 02:00:20
2064,262.0,30.0,370,262,88,43,303,"86,92,111,113,120,157,158,237,244,246,247,264,281,290,293,296,330,332,333,343,353,403,404,469,471,473,539,552,559,576,579,590,603,624",12247.0,2023-10-25 00:00:00,69.0,2041,2024-04-11 01:22:26,2052.0,,,2023-07-09 02:00:20,,,2023-07-09 02:00:20
2073,264.0,505.0,372,264,3,0,9,"110,111",10843.0,2008-02-10 00:00:00,,1900,2024-04-11 01:22:26,1905.0,,,2023-07-09 02:00:20,,,2023-07-09 02:00:20
2074,265.0,127.0,373,265,11,7,45,"90,112,157,162",2840.0,2008-08-03 00:00:00,,2003,2024-04-11 01:22:26,2012.0,,,2023-07-09 02:00:20,,,2023-07-09 02:00:20
2076,267.0,296.0,374,267,7,4,27,"90,565",10779.0,2009-02-15 00:00:00,,1999,2024-04-11 01:22:26,2018.0,,,2023-07-09 02:00:20,,,2023-07-09 02:00:20
2078,268.0,892.0,375,268,18,10,61,"90,113,114,117,118,124,125,134",1762.0,2007-01-06 00:00:00,,2048,2024-04-11 01:22:26,2053.0,,,2023-07-09 02:00:20,,,2023-07-09 02:00:20
2084,269.0,262.0,376,269,2,1,9,113,1777.0,2006-01-16 00:00:00,,1923,2024-04-11 01:22:26,1923.0,,,2023-07-09 02:00:20,,,2023-07-09 02:00:20
2085,270.0,11.0,377,270,3,2,12,113,1784.0,2006-01-23 00:00:00,,1930,2024-04-11 01:22:26,1930.0,,,2023-07-09 02:00:20,,,2023-07-09 02:00:20
2087,271.0,276.0,378,271,33,13,60,"90,113,114,115,116,118,119,123,124,125,126,127,128,136",4710.0,2007-01-01 00:00:00,,1932,2024-04-11 01:22:26,2012.0,,,2023-07-09 02:00:20,,,2023-07-09 02:00:20
2099,272.0,491.0,379,272,2,1,7,113,1780.0,2006-01-16 00:00:00,,1899,2024-04-11 01:22:26,1908.0,,,2023-07-09 02:00:20,,,2023-07-09 02:00:20
2100,273.0,60.0,380,273,351,204,992,"3,24,26,113,114,115,116,118,120,122,123,124,125,126,127,128,130,131,135,137,146,157,168,190,192,194,196,197,199,213,214,216,219,223,227,231,239,247,249,254,260,262,267,279,280,285,290,291,293,297,298,304,305,306,309,310,312,315,317,318,321,324,325,329,330,336,345,346,350,353,359,360,365,366,374,376,380,381,385,386,387,389,392,397,411,469,488,489,494,497,503,513,525,526,529,547,552,559,561,584,585,590,591,603,611,623,627,641,645,649,651,654,656,669,698",13640.0,2024-04-08 00:00:00,20.0,2228,2024-04-11 01:22:26,2249.0,,,2023-07-09 02:00:20,,,2023-07-09 02:00:20
2137,274.0,393.0,381,274,34,23,56,"113,115,124,129,131,133,135,136,142",1786.0,2006-01-23 00:00:00,,2035,2024-04-11 01:22:26,2047.0,,,2023-07-09 02:00:20,,,2023-07-09 02:00:20
2148,275.0,288.0,382,275,5,2,14,"114,115,127",1793.0,2005-09-02 23:59:59,,1892,2024-04-11 01:22:26,1904.0,,,2023-07-09 02:00:20,,,2023-07-09 02:00:20
2149,276.0,205.0,383,276,8,3,15,"114,118,119,127",1795.0,2005-09-02 23:59:59,,2000,2024-04-11 01:22:26,2003.0,,,2023-07-09 02:00:20,,,2023-07-09 02:00:20
2150,277.0,60.0,384,277,40,22,96,"90,110,114,116,119,120,122,124,126,127,128,130,132",10853.0,2008-02-10 00:00:00,,2017,2024-04-11 01:22:26,2045.0,,,2023-07-09 02:00:20,,,2023-07-09 02:00:20
2165,278.0,515.0,385,278,9,3,27,"114,115,241,343,442",6779.0,2021-10-30 00:00:00,,1972,2024-04-11 01:22:26,2004.0,,,2023-07-09 02:00:20,,,2023-07-09 02:00:20
2167,279.0,11.0,386,279,36,20,100,"90,114,115,116,121,124,125,126,127,128,133",4375.0,2007-01-02 00:00:00,,2041,2024-04-11 01:22:26,2049.0,,,2023-07-09 02:00:20,,,2023-07-09 02:00:20
2180,280.0,484.0,387,280,2,1,6,114,1798.0,2005-09-02 23:59:59,,1903,2024-04-11 01:22:26,1912.0,,,2023-07-09 02:00:20,,,2023-07-09 02:00:20
2181,281.0,482.0,388,281,36,22,65,"114,115,116,118,119,121,124,125,126,127,128,133,137",1801.0,2005-09-02 23:59:59,,2039,2024-04-11 01:22:26,2052.0,,,2023-07-09 02:00:20,,,2023-07-09 02:00:20
2193,282.0,259.0,389,282,3,1,6,115,2487.0,2005-06-27 00:00:00,,1896,2024-04-11 01:22:26,1910.0,,,2023-07-09 02:00:20,,,2023-07-09 02:00:20
2195,283.0,268.0,390,283,21,9,33,"114,115,116,117,118,119,126,127,135",2502.0,2005-09-02 23:59:59,,1996,2024-04-11 01:22:26,2015.0,,,2023-07-09 02:00:20,,,2023-07-09 02:00:20
2200,284.0,60.0,391,284,22,11,43,"113,114,115,118,123,126,127,128,130",2534.0,2006-01-09 00:00:00,,2006,2024-04-11 01:22:26,2026.0,,,2023-07-09 02:00:20,,,2023-07-09 02:00:20
2212,285.0,142.0,392,285,24,16,49,"114,115,118,136,146,156",2501.0,2005-09-02 23:59:59,,2050,2024-04-11 01:22:26,2062.0,,,2023-07-09 02:00:20,,,2023-07-09 02:00:20
2218,286.0,261.0,393,286,3,1,7,115,2493.0,2005-06-27 00:00:00,,1903,2024-04-11 01:22:26,1910.0,,,2023-07-09 02:00:20,,,2023-07-09 02:00:20
2219,287.0,60.0,394,287,3,1,6,115,2496.0,2005-06-27 00:00:00,,1898,2024-04-11 01:22:26,1908.0,,,2023-07-09 02:00:20,,,2023-07-09 02:00:20
2221,288.0,289.0,395,288,3,1,9,115,1823.0,2005-07-04 00:00:00,,1902,2024-04-11 01:22:26,1906.0,,,2023-07-09 02:00:20,,,2023-07-09 02:00:20
2223,289.0,282.0,396,289,4,2,10,115,1830.0,2005-07-11 00:00:00,,1905,2024-04-11 01:22:26,1906.0,,,2023-07-09 02:00:20,,,2023-07-09 02:00:20
2224,290.0,271.0,397,290,15,9,46,"115,124,126,127",1824.0,2005-07-04 00:00:00,,1984,2024-04-11 01:22:26,2026.0,,,2023-07-09 02:00:20,,,2023-07-09 02:00:20
2227,291.0,261.0,398,291,2,1,6,115,1825.0,2005-07-04 00:00:00,,1906,2024-04-11 01:22:26,1907.0,,,2023-07-09 02:00:20,,,2023-07-09 02:00:20
2232,296.0,281.0,402,296,10,4,25,"90,115,124,125,127",4716.0,2007-01-01 00:00:00,,1962,2024-04-11 01:22:26,2011.0,,,2023-07-09 02:00:20,,,2023-07-09 02:00:20
2234,297.0,60.0,403,297,32,21,56,"118,123,126,128,130,134,141,199",1871.0,2005-05-07 23:59:59,,2024,2024-04-11 01:22:26,2038.0,,,2023-07-09 02:00:20,,,2023-07-09 02:00:20
2240,302.0,387.0,407,302,14,4,23,"114,119,124,129,134,136,264",10798.0,2009-11-20 00:00:00,,1962,2024-04-11 01:22:26,1996.0,,,2023-07-09 02:00:20,,,2023-07-09 02:00:20
2244,304.0,284.0,409,304,5,2,7,"115,119",2488.0,2005-06-27 00:00:00,,1904,2024-04-11 01:22:26,1907.0,,,2023-07-09 02:00:20,,,2023-07-09 02:00:20
2246,306.0,697.0,411,306,5,1,9,"121,124,126,127",1913.0,2004-11-24 23:59:59,,1887,2024-04-11 01:22:26,1904.0,,,2023-07-09 02:00:20,,,2023-07-09 02:00:20
2247,307.0,916.0,412,307,8,2,26,"110,121,157,565,603",11774.0,2010-02-25 00:00:00,,1952,2024-04-11 01:22:26,1997.0,,,2023-07-09 02:00:20,,,2023-07-09 02:00:20
2253,312.0,595.0,417,312,11,5,16,"116,122,125,126,127,128",2368.0,2005-03-28 23:59:59,,1991,2024-04-11 01:22:26,2013.0,,,2023-07-09 02:00:20,,,2023-07-09 02:00:20
2259,318.0,168.0,422,318,3,2,8,124,1964.0,2004-07-20 23:59:59,,1913,2024-04-11 01:22:26,1914.0,,,2023-07-09 02:00:20,,,2023-07-09 02:00:20
2262,321.0,318.0,425,321,1,0,3,124,1942.0,2004-07-20 23:59:59,,1896,2024-04-11 01:22:26,1896.0,,,2023-07-09 02:00:20,,,2023-07-09 02:00:20
2264,325.0,319.0,427,325,1,0,2,124,1947.0,2004-07-20 23:59:59,,1892,2024-04-11 01:22:26,1892.0,,,2023-07-09 02:00:20,,,2023-07-09 02:00:20
2266,327.0,60.0,429,327,12,6,31,"124,127,130,133",1962.0,2004-07-20 23:59:59,,2012,2024-04-11 01:22:26,2020.0,,,2023-07-09 02:00:20,,,2023-07-09 02:00:20
2274,328.0,704.0,430,328,10,6,21,"124,127,129,133",1955.0,2004-07-20 23:59:59,,1999,2024-04-11 01:22:26,2009.0,,,2023-07-09 02:00:20,,,2023-07-09 02:00:20
2278,329.0,203.0,431,329,10,5,16,"124,126,127,135,137",1954.0,2004-07-20 23:59:59,,2001,2024-04-11 01:22:26,2014.0,,,2023-07-09 02:00:20,,,2023-07-09 02:00:20
2283,333.0,290.0,435,333,11,6,20,"127,132,134,137",1987.0,2004-02-02 23:59:59,,2007,2024-04-11 01:22:26,2011.0,,,2023-07-09 02:00:20,,,2023-07-09 02:00:20
2284,334.0,1.0,436,334,1,0,1,128,1991.0,2003-12-21 00:00:00,,1898,2024-04-11 01:22:26,1898.0,,,2023-07-09 02:00:20,,,2023-07-09 02:00:20
2286,337.0,277.0,438,337,2,1,2,128,1992.0,2003-12-21 00:00:00,,1901,2024-04-11 01:22:26,1904.0,,,2023-07-09 02:00:20,,,2023-07-09 02:00:20
2288,338.0,839.0,439,338,2,1,2,128,1994.0,2003-12-21 00:00:00,,1902,2024-04-11 01:22:26,1904.0,,,2023-07-09 02:00:20,,,2023-07-09 02:00:20
2293,344.0,279.0,444,344,4,0,6,"125,127,129,565",10773.0,2009-02-08 00:00:00,,1889,2024-04-11 01:22:26,1897.0,,,2023-07-09 02:00:20,1691.0,,2023-07-09 02:00:20
2297,347.0,60.0,447,347,6,2,15,"126,130",2438.0,2004-02-02 23:59:59,,1900,2024-04-11 01:22:26,1912.0,,,2023-07-09 02:00:20,,,2023-07-09 02:00:20
2302,351.0,575.0,451,351,5,3,10,"133,141",2058.0,2003-10-12 23:59:59,,1909,2024-04-11 01:22:26,1915.0,,,2023-07-09 02:00:20,,,2023-07-09 02:00:20
2310,361.0,573.0,459,361,33,19,40,"135,137,138,140,141,144,145,199,285,565",10758.0,2009-02-08 00:00:00,,2007,2024-04-11 01:22:26,2015.0,,,2023-07-09 02:00:20,,,2023-07-09 02:00:20
2314,362.0,764.0,460,362,16,12,18,"136,147,148,285",5255.0,2003-04-05 00:00:00,,2027,2024-04-11 01:22:26,2032.0,,,2023-07-09 02:00:20,,,2023-07-09 02:00:20
2323,363.0,539.0,461,363,13,8,13,"136,142",2094.0,2002-11-04 23:59:59,,2005,2024-04-11 01:22:26,2013.0,,,2023-07-09 02:00:20,,,2023-07-09 02:00:20
2332,364.0,780.0,462,364,19,8,19,"136,141,199",3627.0,2003-01-18 00:00:00,,1987,2024-04-11 01:22:26,1999.0,,,2023-07-09 02:00:20,,,2023-07-09 02:00:20
2334,367.0,770.0,463,367,22,11,21,"136,137,199",3632.0,2003-01-18 00:00:00,,2003,2024-04-11 01:22:26,2003.0,,,2023-07-09 02:00:20,,,2023-07-09 02:00:20
2337,368.0,394.0,464,368,19,14,19,"136,142",2101.0,2002-11-04 23:59:59,,2032,2024-04-11 01:22:26,2036.0,,,2023-07-09 02:00:20,,,2023-07-09 02:00:20
2349,369.0,541.0,465,369,26,16,30,"136,141,142,145,156",2092.0,2002-11-04 23:59:59,,2013,2024-04-11 01:22:26,2024.0,,,2023-07-09 02:00:20,,,2023-07-09 02:00:20
2359,371.0,767.0,466,371,34,22,33,"136,137,142,199",3629.0,2003-01-18 00:00:00,,2036,2024-04-11 01:22:26,2047.0,,,2023-07-09 02:00:20,,,2023-07-09 02:00:20
2365,372.0,387.0,467,372,25,15,26,"136,142,143,144,156",2100.0,2002-11-04 23:59:59,,2012,2024-04-11 01:22:26,2016.0,,,2023-07-09 02:00:20,,,2023-07-09 02:00:20
2376,373.0,771.0,468,373,18,13,18,"136,141,142",2086.0,2002-11-04 23:59:59,,2023,2024-04-11 01:22:26,2031.0,,,2023-07-09 02:00:20,,,2023-07-09 02:00:20
2382,374.0,384.0,469,374,19,7,19,"136,199,285",5257.0,2003-04-05 00:00:00,,1982,2024-04-11 01:22:26,1996.0,,,2023-07-09 02:00:20,,,2023-07-09 02:00:20
2390,381.0,391.0,475,381,5,3,11,141,2148.0,2002-04-28 23:59:59,,1905,2024-04-11 01:22:26,1915.0,,,2023-07-09 02:00:20,,,2023-07-09 02:00:20
2391,382.0,579.0,476,382,6,3,12,"138,141",2126.0,2002-08-30 23:59:59,,1897,2024-04-11 01:22:26,1909.0,,,2023-07-09 02:00:20,,,2023-07-09 02:00:20
2393,383.0,364.0,477,383,11,6,14,"136,138,149,251",2085.0,2002-11-04 23:59:59,,2003,2024-04-11 01:22:26,2011.0,,,2023-07-09 02:00:20,,,2023-07-09 02:00:20
2395,384.0,387.0,478,384,28,16,30,"136,138,141,142,144,145,146",3413.0,2002-11-04 23:59:59,,2010,2024-04-11 01:22:26,2022.0,,,2023-07-09 02:00:20,,,2023-07-09 02:00:20
2398,385.0,781.0,479,385,8,4,10,"136,138,139,141",3459.0,2002-11-04 23:59:59,,1990,2024-04-11 01:22:26,2003.0,,,2023-07-09 02:00:20,,,2023-07-09 02:00:20
2400,386.0,371.0,480,386,26,17,30,"136,141,142,146,147,148",2104.0,2002-11-04 23:59:59,,2023,2024-04-11 01:22:26,2027.0,,,2023-07-09 02:00:20,,,2023-07-09 02:00:20
2411,387.0,372.0,481,387,24,15,29,"136,141,142,147,148",2091.0,2002-11-04 23:59:59,,2019,2024-04-11 01:22:26,2024.0,,,2023-07-09 02:00:20,,,2023-07-09 02:00:20
2426,389.0,408.0,483,389,11,5,13,"141,142,149,251",2139.0,2002-04-11 00:00:00,,1991,2024-04-11 01:22:26,2000.0,,,2023-07-09 02:00:20,,,2023-07-09 02:00:20
2432,390.0,382.0,484,390,2,1,4,141,2140.0,2002-04-11 00:00:00,,1901,2024-04-11 01:22:26,1905.0,,,2023-07-09 02:00:20,,,2023-07-09 02:00:20
2433,391.0,581.0,485,391,12,6,14,"141,144,145,147",2141.0,2002-04-11 00:00:00,,1991,2024-04-11 01:22:26,2012.0,,,2023-07-09 02:00:20,,,2023-07-09 02:00:20
2436,392.0,210.0,486,392,26,20,38,"141,142,147,148,220",3937.0,2002-08-07 00:00:00,,2064,2024-04-11 01:22:26,2064.0,,,2023-07-09 02:00:20,,,2023-07-09 02:00:20
2446,393.0,532.0,487,393,19,14,25,"142,147,148",2174.0,2001-12-09 23:59:59,,2033,2024-04-11 01:22:26,2037.0,,,2023-07-09 02:00:20,,,2023-07-09 02:00:20
2455,394.0,539.0,488,394,22,14,22,"142,144,145,149,251",2160.0,2001-12-09 23:59:59,,2016,2024-04-11 01:22:26,2024.0,,,2023-07-09 02:00:20,,,2023-07-09 02:00:20
2459,395.0,543.0,489,395,11,6,11,"142,144",2161.0,2001-12-09 23:59:59,,1999,2024-04-11 01:22:26,2007.0,,,2023-07-09 02:00:20,,,2023-07-09 02:00:20
2462,396.0,548.0,490,396,12,10,13,"142,146",2257.0,2002-01-31 23:59:59,,2030,2024-04-11 01:22:26,2030.0,,,2023-07-09 02:00:20,,,2023-07-09 02:00:20
2466,397.0,553.0,491,397,11,7,11,142,2175.0,2001-12-09 23:59:59,,2009,2024-04-11 01:22:26,2013.0,,,2023-07-09 02:00:20,,,2023-07-09 02:00:20
2473,398.0,562.0,492,398,7,4,8,"143,148,149,250",2188.0,2001-11-07 23:59:59,,2003,2024-04-11 01:22:26,2008.0,,,2023-07-09 02:00:20,,,2023-07-09 02:00:20
2477,402.0,541.0,496,402,32,12,32,"136,142,143,144,145,199",3631.0,2003-01-18 00:00:00,,1964,2024-04-11 01:22:26,1999.0,,,2023-07-09 02:00:20,,,2023-07-09 02:00:20
2481,403.0,559.0,497,403,3,1,7,"143,148",2182.0,2001-11-07 23:59:59,,1900,2024-04-11 01:22:26,1904.0,,,2023-07-09 02:00:20,,,2023-07-09 02:00:20
2485,408.0,384.0,501,408,16,9,16,"142,143,144,145",2656.0,2001-12-06 00:00:00,,2005,2024-04-11 01:22:26,2018.0,,,2023-07-09 02:00:20,,,2023-07-09 02:00:20
2489,411.0,397.0,504,411,15,10,15,"142,143,149,251",2768.0,2001-12-06 00:00:00,,2014,2024-04-11 01:22:26,2014.0,,,2023-07-09 02:00:20,,,2023-07-09 02:00:20
2492,412.0,411.0,505,412,12,6,12,"141,142,143,146",2794.0,2002-04-04 00:00:00,,1995,2024-04-11 01:22:26,2007.0,,,2023-07-09 02:00:20,,,2023-07-09 02:00:20
2500,418.0,402.0,511,418,14,6,17,"126,127,136,138,141,146",2444.0,2004-02-02 23:59:59,,1986,2024-04-11 01:22:26,2007.0,,,2023-07-09 02:00:20,,,2023-07-09 02:00:20
2507,423.0,388.0,516,423,2,0,2,"141,146",2791.0,2002-04-04 00:00:00,,1893,2024-04-11 01:22:26,1897.0,,,2023-07-09 02:00:20,,,2023-07-09 02:00:20
2510,426.0,391.0,519,426,3,1,3,147,2265.0,2000-10-11 00:00:00,,1898,2024-04-11 01:22:26,1904.0,,,2023-07-09 02:00:20,,,2023-07-09 02:00:20
2511,427.0,1613.0,520,427,3,2,3,147,2262.0,2000-10-11 00:00:00,,1905,2024-04-11 01:22:26,1908.0,,,2023-07-09 02:00:20,,,2023-07-09 02:00:20
2512,428.0,558.0,521,428,3,2,6,148,2276.0,2000-08-25 00:00:00,,1910,2024-04-11 01:22:26,1916.0,,,2023-07-09 02:00:20,,,2023-07-09 02:00:20
2513,429.0,428.0,522,429,2,1,3,148,2272.0,2000-08-17 00:00:00,,1896,2024-04-11 01:22:26,1904.0,,,2023-07-09 02:00:20,,,2023-07-09 02:00:20
2515,430.0,564.0,523,430,2,1,4,148,2273.0,2000-08-13 00:00:00,,1902,2024-04-11 01:22:26,1908.0,,,2023-07-09 02:00:20,,,2023-07-09 02:00:20
2516,431.0,393.0,524,431,2,1,5,148,2274.0,2000-08-16 00:00:00,,1907,2024-04-11 01:22:26,1908.0,,,2023-07-09 02:00:20,,,2023-07-09 02:00:20
2518,432.0,433.0,525,432,7,4,10,"142,148",2671.0,2001-12-06 00:00:00,,1908,2024-04-11 01:22:26,1911.0,,,2023-07-09 02:00:20,,,2023-07-09 02:00:20
2520,433.0,570.0,526,433,10,8,14,"147,148,149,250",4753.0,2001-03-04 23:59:59,,2031,2024-04-11 01:22:26,2031.0,,,2023-07-09 02:00:20,,,2023-07-09 02:00:20
2533,450.0,142.0,537,450,5,3,31,"86,603",2362.0,2010-03-20 00:00:00,,1943,2024-04-11 01:22:26,1943.0,,,2023-07-09 02:00:20,1845.0,,2023-07-09 02:00:20
2536,451.0,1532.0,538,451,4,2,14,"86,603",2358.0,2010-03-13 00:00:00,,1902,2024-04-11 01:22:26,1916.0,,,2023-07-09 02:00:20,,,2023-07-09 02:00:20
2537,452.0,949.0,539,452,6,2,21,"86,264,603",2357.0,2010-03-13 00:00:00,,1902,2024-04-11 01:22:26,1912.0,,,2023-07-09 02:00:20,,,2023-07-09 02:00:20
2541,454.0,436.0,541,454,15,4,28,"113,116,125,127,214,238,490,559,657",12960.0,2023-12-14 00:00:00,209.0,1943,2024-04-11 01:22:26,2007.0,,,2023-07-09 02:00:20,,,2023-07-09 02:00:20
2545,457.0,21.0,544,457,27,10,80,"153,166,168,194,219,247,279,374,378,503,505,591,627",12353.0,2023-10-28 00:00:00,104.0,2002,2024-04-11 01:22:26,2012.0,,,2023-07-09 02:00:20,,,2023-07-09 02:00:20
2549,463.0,273.0,548,463,2,0,3,"126,127",3164.0,2004-02-02 23:59:59,,1894,2024-04-11 01:22:26,1896.0,,,2023-07-09 02:00:20,,,2023-07-09 02:00:20
2552,466.0,705.0,551,466,3,1,7,"126,127",2455.0,2004-02-02 23:59:59,,1902,2024-04-11 01:22:26,1904.0,,,2023-07-09 02:00:20,,,2023-07-09 02:00:20
2553,467.0,694.0,552,467,2,1,2,127,2446.0,2004-02-02 23:59:59,,1900,2024-04-11 01:22:26,1904.0,,,2023-07-09 02:00:20,,,2023-07-09 02:00:20
2555,468.0,336.0,553,468,6,2,10,"115,127,565",10770.0,2009-02-08 00:00:00,,1888,2024-04-11 01:22:26,1908.0,,,2023-07-09 02:00:20,,,2023-07-09 02:00:20
2559,469.0,695.0,554,469,2,1,2,127,2447.0,2004-02-02 23:59:59,,1901,2024-04-11 01:22:26,1904.0,,,2023-07-09 02:00:20,,,2023-07-09 02:00:20
2561,470.0,283.0,555,470,1,0,1,127,2450.0,2004-02-02 23:59:59,,1897,2024-04-11 01:22:26,1897.0,,,2023-07-09 02:00:20,,,2023-07-09 02:00:20
2562,471.0,276.0,556,471,2,1,2,127,2452.0,2004-02-02 23:59:59,,1903,2024-04-11 01:22:26,1905.0,,,2023-07-09 02:00:20,,,2023-07-09 02:00:20
2564,472.0,702.0,557,472,2,1,2,127,2453.0,2004-02-02 23:59:59,,1901,2024-04-11 01:22:26,1904.0,,,2023-07-09 02:00:20,,,2023-07-09 02:00:20
2565,473.0,474.0,558,473,2,1,2,127,2454.0,2004-02-02 23:59:59,,1900,2024-04-11 01:22:26,1904.0,,,2023-07-09 02:00:20,,,2023-07-09 02:00:20
2566,474.0,312.0,559,474,4,2,6,"127,137",2465.0,2004-02-02 23:59:59,,1904,2024-04-11 01:22:26,1905.0,,,2023-07-09 02:00:20,,,2023-07-09 02:00:20
2567,475.0,205.0,560,475,2,1,3,127,2456.0,2004-02-02 23:59:59,,1900,2024-04-11 01:22:26,1904.0,,,2023-07-09 02:00:20,,,2023-07-09 02:00:20
2568,476.0,477.0,561,476,3,1,3,"125,127",3137.0,2004-04-25 00:00:00,,1896,2024-04-11 01:22:26,1904.0,,,2023-07-09 02:00:20,,,2023-07-09 02:00:20
2569,477.0,333.0,562,477,4,2,7,"113,127",2530.0,2006-01-09 00:00:00,,1893,2024-04-11 01:22:26,1908.0,,,2023-07-09 02:00:20,,,2023-07-09 02:00:20
2571,478.0,708.0,563,478,2,1,2,127,2458.0,2004-02-02 23:59:59,,1901,2024-04-11 01:22:26,1904.0,,,2023-07-09 02:00:20,,,2023-07-09 02:00:20
2573,479.0,169.0,564,479,2,0,4,115,2494.0,2005-06-27 00:00:00,,1888,2024-04-11 01:22:26,1894.0,,,2023-07-09 02:00:20,,,2023-07-09 02:00:20
2575,480.0,261.0,565,480,1,0,3,115,2480.0,2005-06-13 00:00:00,,1899,2024-04-11 01:22:26,1899.0,,,2023-07-09 02:00:20,,,2023-07-09 02:00:20
2579,484.0,50.0,569,484,2,0,5,"110,114",10827.0,2008-02-10 00:00:00,,1882,2024-04-11 01:22:26,1888.0,,,2023-07-09 02:00:20,1799.0,,2023-07-09 02:00:20
2584,490.0,268.0,574,490,1,0,3,113,2531.0,2006-01-09 00:00:00,,1891,2024-04-11 01:22:26,1891.0,,,2023-07-09 02:00:20,,,2023-07-09 02:00:20
2587,493.0,274.0,577,493,1,0,4,113,2535.0,2006-01-09 00:00:00,,1900,2024-04-11 01:22:26,1900.0,,,2023-07-09 02:00:20,,,2023-07-09 02:00:20
2589,495.0,82.0,579,495,1,0,4,113,2537.0,2006-01-09 00:00:00,,1896,2024-04-11 01:22:26,1896.0,,,2023-07-09 02:00:20,,,2023-07-09 02:00:20
2592,505.0,256.0,582,505,5,1,20,"110,157",10866.0,2008-02-17 00:00:00,,1903,2024-04-11 01:22:26,1907.0,,,2023-07-09 02:00:20,,,2023-07-09 02:00:20
2595,508.0,1460.0,585,508,3,1,9,"110,157",10869.0,2008-02-17 00:00:00,,1891,2024-04-11 01:22:26,1895.0,,,2023-07-09 02:00:20,,,2023-07-09 02:00:20
2597,510.0,257.0,586,510,10,4,41,"90,157,565",10780.0,2009-02-15 00:00:00,,1991,2024-04-11 01:22:26,2003.0,,,2023-07-09 02:00:20,,,2023-07-09 02:00:20
2601,515.0,259.0,590,515,8,2,24,"114,115,127,157,158",2605.0,2008-01-13 23:59:59,,1972,2024-04-11 01:22:26,2006.0,,,2023-07-09 02:00:20,,,2023-07-09 02:00:20
2603,516.0,1454.0,591,516,13,5,55,"110,157,162,603",11780.0,2010-03-11 00:00:00,,2006,2024-04-11 01:22:26,2023.0,,,2023-07-09 02:00:20,,,2023-07-09 02:00:20
2618,530.0,384.0,604,530,5,0,5,142,2658.0,2001-12-06 00:00:00,,1885,2024-04-11 01:22:26,1897.0,,,2023-07-09 02:00:20,,,2023-07-09 02:00:20
2622,531.0,432.0,605,531,5,1,5,142,2672.0,2001-12-06 00:00:00,,1891,2024-04-11 01:22:26,1896.0,,,2023-07-09 02:00:20,,,2023-07-09 02:00:20
2626,533.0,532.0,607,533,5,3,5,142,2688.0,2001-12-06 00:00:00,,1906,2024-04-11 01:22:26,1906.0,,,2023-07-09 02:00:20,,,2023-07-09 02:00:20
2630,535.0,532.0,608,535,5,1,5,142,2686.0,2001-12-06 00:00:00,,1890,2024-04-11 01:22:26,1904.0,,,2023-07-09 02:00:20,,,2023-07-09 02:00:20
2632,536.0,210.0,609,536,5,0,5,142,2701.0,2001-12-06 00:00:00,,1883,2024-04-11 01:22:26,1896.0,,,2023-07-09 02:00:20,,,2023-07-09 02:00:20
2634,537.0,373.0,610,537,5,1,5,142,2702.0,2001-12-06 00:00:00,,1891,2024-04-11 01:22:26,1898.0,,,2023-07-09 02:00:20,,,2023-07-09 02:00:20
2637,538.0,536.0,611,538,5,3,5,142,2703.0,2001-12-06 00:00:00,,1907,2024-04-11 01:22:26,1910.0,,,2023-07-09 02:00:20,,,2023-07-09 02:00:20
2642,539.0,432.0,612,539,5,0,5,142,2672.0,2001-12-06 00:00:00,,1883,2024-04-11 01:22:26,1897.0,,,2023-07-09 02:00:20,,,2023-07-09 02:00:20
2643,540.0,205.0,613,540,5,0,5,142,2717.0,2001-12-06 00:00:00,,1883,2024-04-11 01:22:26,1897.0,,,2023-07-09 02:00:20,,,2023-07-09 02:00:20
2646,541.0,205.0,614,541,5,1,5,142,2717.0,2001-12-06 00:00:00,,1891,2024-04-11 01:22:26,1897.0,,,2023-07-09 02:00:20,,,2023-07-09 02:00:20
2647,542.0,402.0,615,542,5,2,5,142,2718.0,2001-12-06 00:00:00,,1899,2024-04-11 01:22:26,1902.0,,,2023-07-09 02:00:20,,,2023-07-09 02:00:20
2653,544.0,543.0,617,544,5,2,5,142,2732.0,2001-12-06 00:00:00,,1898,2024-04-11 01:22:26,1905.0,,,2023-07-09 02:00:20,,,2023-07-09 02:00:20
2654,545.0,544.0,618,545,5,1,5,142,2733.0,2001-12-06 00:00:00,,1890,2024-04-11 01:22:26,1896.0,,,2023-07-09 02:00:20,,,2023-07-09 02:00:20
2658,546.0,60.0,619,546,5,0,5,142,2733.0,2001-12-06 00:00:00,,1882,2024-04-11 01:22:26,1897.0,,,2023-07-09 02:00:20,,,2023-07-09 02:00:20
2663,547.0,371.0,620,547,5,3,5,142,2747.0,2001-12-06 00:00:00,,1906,2024-04-11 01:22:26,1906.0,,,2023-07-09 02:00:20,,,2023-07-09 02:00:20
2666,548.0,371.0,621,548,5,2,5,142,2747.0,2001-12-06 00:00:00,,1898,2024-04-11 01:22:26,1905.0,,,2023-07-09 02:00:20,,,2023-07-09 02:00:20
2667,549.0,548.0,622,549,4,1,4,142,2745.0,2001-12-06 00:00:00,,1893,2024-04-11 01:22:26,1904.0,,,2023-07-09 02:00:20,,,2023-07-09 02:00:20
2668,550.0,549.0,623,550,5,0,5,142,2748.0,2001-12-06 00:00:00,,1882,2024-04-11 01:22:26,1896.0,,,2023-07-09 02:00:20,,,2023-07-09 02:00:20
2673,551.0,412.0,624,551,6,1,6,142,2768.0,2001-12-06 00:00:00,,1888,2024-04-11 01:22:26,1897.0,,,2023-07-09 02:00:20,,,2023-07-09 02:00:20
2678,552.0,551.0,625,552,6,2,6,142,2769.0,2001-12-06 00:00:00,,1896,2024-04-11 01:22:26,1905.0,,,2023-07-09 02:00:20,,,2023-07-09 02:00:20
2684,553.0,386.0,626,553,6,0,6,142,2765.0,2001-12-06 00:00:00,,1880,2024-04-11 01:22:26,1897.0,,,2023-07-09 02:00:20,,,2023-07-09 02:00:20
2685,556.0,404.0,627,556,1,0,3,148,2771.0,2000-08-06 00:00:00,,1899,2024-04-11 01:22:26,1899.0,,,2023-07-09 02:00:20,,,2023-07-09 02:00:20
2696,567.0,568.0,638,567,1,1,2,148,2781.0,2000-08-05 00:00:00,,1908,2024-04-11 01:22:26,1908.0,,,2023-07-09 02:00:20,,,2023-07-09 02:00:20
2701,572.0,362.0,643,572,1,0,3,148,2775.0,2000-08-11 00:00:00,,1899,2024-04-11 01:22:26,1899.0,,,2023-07-09 02:00:20,,,2023-07-09 02:00:20
2704,576.0,387.0,646,576,1,0,1,141,2790.0,2002-04-04 00:00:00,,1897,2024-04-11 01:22:26,1897.0,,,2023-07-09 02:00:20,,,2023-07-09 02:00:20
2705,577.0,392.0,647,577,1,0,1,141,2793.0,2002-04-04 00:00:00,,1897,2024-04-11 01:22:26,1897.0,,,2023-07-09 02:00:20,,,2023-07-09 02:00:20
2706,578.0,385.0,648,578,1,0,1,141,2795.0,2002-04-04 00:00:00,,1897,2024-04-11 01:22:26,1897.0,,,2023-07-09 02:00:20,,,2023-07-09 02:00:20
2708,580.0,381.0,650,580,1,0,1,141,2800.0,2002-04-04 00:00:00,,1896,2024-04-11 01:22:26,1896.0,,,2023-07-09 02:00:20,,,2023-07-09 02:00:20
2721,593.0,279.0,663,593,2,0,4,"128,134",3830.0,2003-12-20 00:00:00,,1896,2024-04-11 01:22:26,1899.0,,,2023-07-09 02:00:20,,,2023-07-09 02:00:20
2726,613.0,729.0,668,613,65,31,181,"166,167,171,197,213,214,223,231,237,238,246,247,260,262,290,293,300,319,324,330,333,343,353,459,655",12953.0,2023-12-03 00:00:00,72.0,2037,2024-04-11 01:22:26,2037.0,,,2023-07-09 02:00:20,,,2023-07-09 02:00:20
2741,671.0,1431.0,680,671,5,0,14,"84,245,264",4536.0,2017-05-04 00:00:00,,1866,2024-04-11 01:22:26,1900.0,,,2023-07-09 02:00:20,,,2023-07-09 02:00:20
2749,679.0,476.0,688,679,3,1,3,"125,127",3123.0,2004-05-02 00:00:00,,1897,2024-04-11 01:22:26,1900.0,,,2023-07-09 02:00:20,,,2023-07-09 02:00:20
2754,684.0,477.0,693,684,2,0,2,"125,127",3129.0,2004-04-25 00:00:00,,1893,2024-04-11 01:22:26,1896.0,,,2023-07-09 02:00:20,,,2023-07-09 02:00:20
2768,698.0,275.0,707,698,1,0,1,127,3159.0,2004-02-02 23:59:59,,1896,2024-04-11 01:22:26,1896.0,,,2023-07-09 02:00:20,,,2023-07-09 02:00:20
2771,701.0,465.0,710,701,1,0,1,127,3162.0,2004-02-02 23:59:59,,1896,2024-04-11 01:22:26,1896.0,,,2023-07-09 02:00:20,,,2023-07-09 02:00:20
2773,703.0,473.0,712,703,1,0,1,127,3167.0,2004-02-02 23:59:59,,1896,2024-04-11 01:22:26,1896.0,,,2023-07-09 02:00:20,,,2023-07-09 02:00:20
2776,706.0,475.0,715,706,1,0,1,127,3171.0,2004-02-02 23:59:59,,1896,2024-04-11 01:22:26,1896.0,,,2023-07-09 02:00:20,,,2023-07-09 02:00:20
2777,707.0,205.0,716,707,1,0,1,127,3172.0,2004-02-02 23:59:59,,1898,2024-04-11 01:22:26,1898.0,,,2023-07-09 02:00:20,,,2023-07-09 02:00:20
2779,709.0,418.0,718,709,1,0,1,127,3178.0,2004-02-02 23:59:59,,1897,2024-04-11 01:22:26,1897.0,,,2023-07-09 02:00:20,,,2023-07-09 02:00:20
2780,710.0,290.0,719,710,1,0,1,127,3179.0,2004-02-02 23:59:59,,1897,2024-04-11 01:22:26,1897.0,,,2023-07-09 02:00:20,,,2023-07-09 02:00:20
2781,711.0,271.0,720,711,1,0,1,127,3180.0,2004-02-02 23:59:59,,1897,2024-04-11 01:22:26,1897.0,,,2023-07-09 02:00:20,,,2023-07-09 02:00:20
2782,712.0,60.0,721,712,1,0,1,127,3181.0,2004-02-02 23:59:59,,1898,2024-04-11 01:22:26,1898.0,,,2023-07-09 02:00:20,,,2023-07-09 02:00:20
2792,760.0,363.0,731,760,5,3,5,136,3399.0,2002-11-04 23:59:59,,1906,2024-04-11 01:22:26,1906.0,,,2023-07-09 02:00:20,,,2023-07-09 02:00:20
2794,761.0,763.0,732,761,5,2,5,136,3398.0,2002-11-04 23:59:59,,1898,2024-04-11 01:22:26,1905.0,,,2023-07-09 02:00:20,,,2023-07-09 02:00:20
2796,762.0,369.0,733,762,5,1,5,136,3399.0,2002-11-04 23:59:59,,1890,2024-04-11 01:22:26,1897.0,,,2023-07-09 02:00:20,,,2023-07-09 02:00:20
2799,763.0,760.0,734,763,5,0,5,136,3400.0,2002-11-04 23:59:59,,1882,2024-04-11 01:22:26,1896.0,,,2023-07-09 02:00:20,,,2023-07-09 02:00:20
2802,764.0,368.0,735,764,4,0,4,136,3414.0,2002-11-04 23:59:59,,1888,2024-04-11 01:22:26,1897.0,,,2023-07-09 02:00:20,,,2023-07-09 02:00:20
2803,765.0,362.0,736,765,25,6,81,"136,244,281,576,614,624,633,645,667,669,689",13547.0,2024-03-27 00:00:00,199.0,1949,2024-04-11 01:22:26,1996.0,,,2023-07-09 02:00:20,,,2023-07-09 02:00:20
2806,766.0,767.0,737,766,4,2,4,136,3423.0,2002-11-04 23:59:59,,1902,2024-04-11 01:22:26,1908.0,,,2023-07-09 02:00:20,,,2023-07-09 02:00:20
2808,767.0,386.0,738,767,4,1,4,136,3424.0,2002-11-04 23:59:59,,1894,2024-04-11 01:22:26,1896.0,,,2023-07-09 02:00:20,,,2023-07-09 02:00:20
2810,768.0,766.0,739,768,4,0,4,136,3424.0,2002-11-04 23:59:59,,1886,2024-04-11 01:22:26,1896.0,,,2023-07-09 02:00:20,,,2023-07-09 02:00:20
2812,770.0,418.0,740,770,4,1,4,136,3434.0,2002-11-04 23:59:59,,1897,2024-04-11 01:22:26,1905.0,,,2023-07-09 02:00:20,,,2023-07-09 02:00:20
2814,771.0,772.0,741,771,5,3,5,136,3447.0,2002-11-04 23:59:59,,1906,2024-04-11 01:22:26,1906.0,,,2023-07-09 02:00:20,,,2023-07-09 02:00:20
2816,772.0,773.0,742,772,5,3,5,136,3449.0,2002-11-04 23:59:59,,1906,2024-04-11 01:22:26,1909.0,,,2023-07-09 02:00:20,,,2023-07-09 02:00:20
2819,773.0,774.0,743,773,5,1,5,136,3448.0,2002-11-04 23:59:59,,1890,2024-04-11 01:22:26,1904.0,,,2023-07-09 02:00:20,,,2023-07-09 02:00:20
2821,774.0,271.0,744,774,5,0,5,136,3447.0,2002-11-04 23:59:59,,1883,2024-04-11 01:22:26,1896.0,,,2023-07-09 02:00:20,,,2023-07-09 02:00:20
2824,775.0,285.0,745,775,4,2,4,136,3469.0,2002-11-04 23:59:59,,1902,2024-04-11 01:22:26,1902.0,,,2023-07-09 02:00:20,,,2023-07-09 02:00:20
2826,777.0,274.0,746,777,4,0,4,136,3469.0,2002-11-04 23:59:59,,1886,2024-04-11 01:22:26,1897.0,,,2023-07-09 02:00:20,,,2023-07-09 02:00:20
2828,778.0,775.0,747,778,4,1,4,136,3468.0,2002-11-04 23:59:59,,1894,2024-04-11 01:22:26,1897.0,,,2023-07-09 02:00:20,,,2023-07-09 02:00:20
2830,779.0,780.0,748,779,3,1,3,136,3474.0,2002-11-04 23:59:59,,1898,2024-04-11 01:22:26,1904.0,,,2023-07-09 02:00:20,,,2023-07-09 02:00:20
2832,780.0,383.0,749,780,3,0,3,136,3475.0,2002-11-04 23:59:59,,1890,2024-04-11 01:22:26,1896.0,,,2023-07-09 02:00:20,,,2023-07-09 02:00:20
2833,781.0,372.0,750,781,4,0,4,136,3458.0,2002-11-04 23:59:59,,1888,2024-04-11 01:22:26,1897.0,,,2023-07-09 02:00:20,,,2023-07-09 02:00:20
2852,840.0,60.0,768,840,1,0,1,128,3831.0,2003-12-20 00:00:00,,1898,2024-04-11 01:22:26,1898.0,,,2023-07-09 02:00:20,,,2023-07-09 02:00:20
2853,841.0,311.0,769,841,1,0,1,128,3833.0,2003-12-20 00:00:00,,1896,2024-04-11 01:22:26,1896.0,,,2023-07-09 02:00:20,,,2023-07-09 02:00:20
2854,842.0,312.0,770,842,1,0,1,128,3834.0,2003-12-20 00:00:00,,1897,2024-04-11 01:22:26,1897.0,,,2023-07-09 02:00:20,,,2023-07-09 02:00:20
2863,851.0,262.0,779,851,78,53,279,"219,236,246,282,290,291,296,298,301,304,309,310,330,333,343,344,348,353,413,552,559,564,566,612,623,669,691",13638.0,2024-04-07 00:00:00,30.0,2167,2024-04-11 01:22:26,2189.0,,,2023-07-09 02:00:20,,,2023-07-09 02:00:20
2864,852.0,3.0,780,852,114,54,322,"24,219,237,241,247,262,265,291,293,296,298,299,304,307,315,319,322,324,325,330,333,336,343,345,353,355,357,360,363,366,376,378,381,387,390,392,403,404,494,512,533,584,627,691",13516.0,2024-03-28 00:00:00,52.0,2090,2024-04-11 01:22:26,2140.0,,,2023-07-09 02:00:20,,,2023-07-09 02:00:20
2866,853.0,12.0,781,853,187,116,608,"25,219,238,246,247,283,290,291,293,298,299,304,309,315,325,328,330,332,343,349,353,363,376,386,387,388,392,394,403,404,408,413,469,471,474,488,489,494,497,503,504,513,518,521,525,526,529,534,535,541,559,561,563,564,566,584,585,591,604,623,627,641,651,656,669,693",13564.0,2024-03-24 00:00:00,25.0,2209,2024-04-11 01:22:26,2262.0,,,2023-07-09 02:00:20,,,2023-07-09 02:00:20
2897,872.0,1126.0,804,872,66,20,129,"235,238,254,269,272,273,275,276,290,291,293,301,303,315,319,325,343,400,431,435,447,452,467,546,559,616,617,632,644,646,648,652,659,664,669,680,681,694",13568.0,2024-03-23 00:00:00,255.0,1894,2024-04-11 01:22:26,1995.0,,,2023-07-09 02:00:20,,,2023-07-09 02:00:20
2902,878.0,765.0,809,878,110,57,354,"26,237,238,301,315,330,333,353,403,413,471,473,476,494,503,505,512,525,526,533,550,552,559,562,563,564,566,584,585,590,591,613,614,623,624,627,633,645,651,654,656,669,674,688",13557.0,2024-04-04 00:00:00,23.0,2215,2024-04-11 01:22:26,2215.0,,,2023-07-09 02:00:20,,,2023-07-09 02:00:20
2912,886.0,983.0,817,886,100,37,269,"237,291,293,324,331,332,343,347,349,366,368,375,381,382,389,392,403,404,406,413,469,471,473,475,476,484,494,503,533,539,552,559,564,576,579,584,592,599,623,624,625,627,628,630,639,645,651,656,660,667,669,689,691",13530.0,2024-04-05 00:00:00,67.0,2046,2024-04-11 01:22:26,2052.0,,,2023-07-09 02:00:20,,,2023-07-09 02:00:20
2917,891.0,917.0,823,891,4,3,19,90,4376.0,2007-01-02 00:00:00,,1946,2024-04-11 01:22:26,1954.0,,,2023-07-09 02:00:20,,,2023-07-09 02:00:20
2921,892.0,271.0,824,892,3,1,14,90,4377.0,2007-01-02 00:00:00,,1910,2024-04-11 01:22:26,1910.0,,,2023-07-09 02:00:20,,,2023-07-09 02:00:20
2927,898.0,262.0,832,898,50,23,165,"238,244,281,293,353,381,389,469,471,473,494,503,525,526,539,552,559,576,579,590,623,624,627",12352.0,2023-10-28 00:00:00,95.0,2009,2024-04-11 01:22:26,2046.0,,,2023-07-09 02:00:20,,,2023-07-09 02:00:20
2929,900.0,886.0,834,900,75,18,218,"25,238,244,254,281,291,293,304,309,315,317,325,330,349,355,361,376,381,382,389,392,403,404,406,469,471,473,484,494,503,539,552,559,564,576,584,585,591,623,624,627,651,656,689,700",13629.0,2024-04-06 00:00:00,218.0,1938,2024-04-11 01:22:26,2006.0,,,2023-07-09 02:00:20,,,2023-07-09 02:00:20
2943,913.0,1201.0,851,913,92,63,254,"247,255,260,263,279,297,324,340,341,342,357,374,380,545,547,556,557,564,566,574,595,601,640,649,671,677,684,690,691,697",13529.0,2024-04-05 00:00:00,28.0,2186,2024-04-11 01:22:26,2206.0,,,2023-07-09 02:00:20,,,2023-07-09 02:00:20
2948,914.0,82.0,852,914,3,1,15,90,4692.0,2007-01-01 00:00:00,,1916,2024-04-11 01:22:26,1916.0,,,2023-07-09 02:00:20,,,2023-07-09 02:00:20
2950,916.0,277.0,854,916,5,1,20,"90,110",10861.0,2008-02-17 00:00:00,,1865,2024-04-11 01:22:26,1885.0,,,2023-07-09 02:00:20,,,2023-07-09 02:00:20
2951,917.0,267.0,855,917,3,0,15,90,4715.0,2007-01-01 00:00:00,,1858,2024-04-11 01:22:26,1880.0,,,2023-07-09 02:00:20,,,2023-07-09 02:00:20
2953,918.0,920.0,856,918,3,1,15,90,4722.0,2007-01-01 00:00:00,,1903,2024-04-11 01:22:26,1903.0,,,2023-07-09 02:00:20,,,2023-07-09 02:00:20
2971,936.0,12.0,878,936,138,78,410,"25,260,279,290,293,297,315,325,343,353,361,363,365,367,374,398,411,468,469,471,479,488,491,494,495,503,513,523,525,526,547,552,559,561,564,584,590,611,618,623,627,649,651,656,669,674",13346.0,2024-02-28 00:00:00,16.0,2279,2024-04-11 01:22:26,2287.0,,,2023-07-09 02:00:20,,,2023-07-09 02:00:20
2978,940.0,1423.0,882,940,3,0,3,"264,603",11740.0,2010-02-14 00:00:00,,1891,2024-04-11 01:22:26,1900.0,,,2023-07-09 02:00:20,,,2023-07-09 02:00:20
2980,941.0,951.0,883,941,4,2,14,264,4957.0,2009-12-11 00:00:00,,1913,2024-04-11 01:22:26,1923.0,,,2023-07-09 02:00:20,,,2023-07-09 02:00:20
2982,943.0,108.0,885,943,2,1,6,264,4937.0,2009-11-27 00:00:00,,1903,2024-04-11 01:22:26,1912.0,,,2023-07-09 02:00:20,,,2023-07-09 02:00:20
2984,944.0,50.0,886,944,2,1,7,264,4940.0,2009-11-27 00:00:00,,1911,2024-04-11 01:22:26,1915.0,,,2023-07-09 02:00:20,,,2023-07-09 02:00:20
2986,946.0,945.0,888,946,4,2,16,264,4961.0,2009-12-11 00:00:00,,1905,2024-04-11 01:22:26,1913.0,,,2023-07-09 02:00:20,,,2023-07-09 02:00:20
2987,947.0,1434.0,889,947,5,1,9,"264,493,565",9297.0,2022-11-29 00:00:00,,1902,2024-04-11 01:22:26,1911.0,,,2023-07-09 02:00:20,,,2023-07-09 02:00:20
2989,948.0,76.0,890,948,4,1,10,"110,264",4963.0,2009-12-11 00:00:00,,1888,2024-04-11 01:22:26,1903.0,,,2023-07-09 02:00:20,,,2023-07-09 02:00:20
2991,949.0,1437.0,891,949,4,2,14,264,4959.0,2009-12-11 00:00:00,,1924,2024-04-11 01:22:26,1925.0,,,2023-07-09 02:00:20,,,2023-07-09 02:00:20
2993,950.0,622.0,892,950,4,2,12,"264,603",11778.0,2010-03-02 00:00:00,,1907,2024-04-11 01:22:26,1911.0,,,2023-07-09 02:00:20,,,2023-07-09 02:00:20
2995,951.0,942.0,893,951,3,3,12,264,4949.0,2009-12-04 00:00:00,,1924,2024-04-11 01:22:26,1924.0,,,2023-07-09 02:00:20,,,2023-07-09 02:00:20
2997,952.0,50.0,894,952,6,3,20,264,4968.0,2009-12-18 00:00:00,,1945,2024-04-11 01:22:26,1945.0,,,2023-07-09 02:00:20,,,2023-07-09 02:00:20
3020,976.0,30.0,922,976,153,84,467,"25,279,301,343,353,374,375,385,392,398,399,403,404,413,439,469,471,473,476,479,488,489,491,494,503,513,520,523,525,526,548,559,561,564,566,577,584,585,590,591,623,633,641,649,650,651,656,669,675",13400.0,2024-03-10 00:00:00,33.0,2159,2024-04-11 01:22:26,2181.0,,,2023-07-09 02:00:20,,,2023-07-09 02:00:20
3102,1059.0,627.0,1007,1059,26,5,54,"290,293,315,317,330,451,564,582,623,627,633,669",13210.0,2024-01-25 00:00:00,180.0,1956,2024-04-11 01:22:26,2008.0,,,2023-07-09 02:00:20,,,2023-07-09 02:00:20
3103,1060.0,613.0,1008,1060,42,13,130,"26,290,291,293,301,304,309,343,349,381,382,387,389,393,403,409,413,459,475,505,564,579,582,655,678",13539.0,2024-03-17 00:00:00,172.0,1959,2024-04-11 01:22:26,1993.0,,,2023-07-09 02:00:20,,,2023-07-09 02:00:20
3120,1078.0,1093.0,1045,1078,5,1,15,"304,559,655,692",13545.0,2024-03-18 00:00:00,,1875,2024-04-11 01:22:26,1888.0,,,2023-07-09 02:00:20,,,2023-07-09 02:00:20
3135,1093.0,1185.0,1074,1093,9,4,29,"293,315,343,505,571,655",12952.0,2023-11-30 00:00:00,110.0,1998,2024-04-11 01:22:26,2015.0,,,2023-07-09 02:00:20,,,2023-07-09 02:00:20
3165,1123.0,1116.0,1133,1123,33,11,100,"301,351,366,385,413,475,503,505,525,526,532,540,552,564,579,582,627,655,676,678,696",13609.0,2024-04-07 00:00:00,140.0,1975,2024-04-11 01:22:26,1996.0,,,2023-07-09 02:00:20,,,2023-07-09 02:00:20
3213,1174.0,108.0,1191,1174,4,0,10,"264,339,603",6678.0,2021-10-19 00:00:00,,1886,2024-04-11 01:22:26,1894.0,,,2023-07-09 02:00:20,,,2023-07-09 02:00:20
3222,1183.0,454.0,1203,1183,16,9,52,"343,484,490,494,559,564,657",13034.0,2023-12-19 00:00:00,77.0,2030,2024-04-11 01:22:26,2030.0,,,2023-07-09 02:00:20,,,2023-07-09 02:00:20
3224,1185.0,1342.0,1205,1185,3,0,6,"343,655",12950.0,2023-11-26 00:00:00,,1892,2024-04-11 01:22:26,1896.0,,,2023-07-09 02:00:20,,,2023-07-09 02:00:20
3238,1199.0,53.0,1221,1199,1,0,4,353,6997.0,2022-01-15 00:00:00,,1896,2024-04-11 01:22:26,1896.0,,,2023-07-09 02:00:20,,,2023-07-09 02:00:20
3240,1201.0,153.0,1223,1201,49,10,114,"357,413,440,471,481,491,495,499,505,520,543,545,547,554,557,558,559,570,574,620,634,640,677,683,687,697,698",13618.0,2024-04-05 00:00:00,257.0,1893,2024-04-11 01:22:26,2000.0,,,2023-07-09 02:00:20,,,2023-07-09 02:00:20
3268,1229.0,454.0,1263,1229,16,4,42,"382,389,476,490,579,657",12958.0,2023-12-08 00:00:00,175.0,1959,2024-04-11 01:22:26,1989.0,,,2023-07-09 02:00:20,,,2023-07-09 02:00:20
3365,1327.0,983.0,1384,1327,6,0,17,"539,689",13549.0,2024-03-27 00:00:00,,1851,2024-04-11 01:22:26,1888.0,,,2023-07-09 02:00:20,,,2023-07-09 02:00:20
3370,1332.0,1629.0,1389,1332,75,39,182,"544,545,548,557,558,564,570,574,577,581,587,594,595,607,611,620,621,634,635,640,650,658,677,684,690,691,699,702",13634.0,2024-04-02 00:00:00,62.0,2057,2024-04-11 01:22:26,2059.0,,,2023-07-09 02:00:20,,,2023-07-09 02:00:20
3431,1394.0,164.0,1466,1394,1,0,2,565,10754.0,2009-02-08 00:00:00,,1894,2024-04-11 01:22:26,1894.0,,,2023-07-09 02:00:20,,,2023-07-09 02:00:20
3432,1395.0,60.0,1467,1395,1,0,2,565,10755.0,2009-02-08 00:00:00,,1898,2024-04-11 01:22:26,1898.0,,,2023-07-09 02:00:20,,,2023-07-09 02:00:20
3433,1396.0,307.0,1468,1396,2,1,5,565,10782.0,2009-02-15 00:00:00,,2004,2024-04-11 01:22:26,2008.0,,,2023-07-09 02:00:20,,,2023-07-09 02:00:20
3436,1400.0,267.0,1471,1400,1,0,3,565,10750.0,2009-02-08 00:00:00,,1899,2024-04-11 01:22:26,1899.0,,,2023-07-09 02:00:20,,,2023-07-09 02:00:20
3439,1403.0,150.0,1474,1403,2,1,5,565,10785.0,2009-02-15 00:00:00,,2004,2024-04-11 01:22:26,2008.0,,,2023-07-09 02:00:20,,,2023-07-09 02:00:20
3441,1404.0,1405.0,1475,1404,1,0,3,565,10765.0,2009-02-08 00:00:00,,1899,2024-04-11 01:22:26,1899.0,,,2023-07-09 02:00:20,,,2023-07-09 02:00:20
3442,1405.0,84.0,1476,1405,4,2,11,"110,565",10786.0,2009-02-15 00:00:00,,1996,2024-04-11 01:22:26,2004.0,,,2023-07-09 02:00:20,,,2023-07-09 02:00:20
3444,1406.0,1407.0,1477,1406,2,1,5,565,10787.0,2009-02-15 00:00:00,,1995,2024-04-11 01:22:26,2001.0,,,2023-07-09 02:00:20,,,2023-07-09 02:00:20
3447,1408.0,82.0,1479,1408,1,0,2,565,10767.0,2009-02-08 00:00:00,,1896,2024-04-11 01:22:26,1896.0,,,2023-07-09 02:00:20,,,2023-07-09 02:00:20
3448,1409.0,142.0,1480,1409,1,0,2,565,10768.0,2009-02-08 00:00:00,,1894,2024-04-11 01:22:26,1894.0,,,2023-07-09 02:00:20,,,2023-07-09 02:00:20
3449,1410.0,1411.0,1481,1410,1,0,2,565,10769.0,2009-02-08 00:00:00,,1894,2024-04-11 01:22:26,1894.0,,,2023-07-09 02:00:20,,,2023-07-09 02:00:20
3451,1412.0,1413.0,1483,1412,2,1,5,565,10789.0,2009-02-15 00:00:00,,2002,2024-04-11 01:22:26,2006.0,,,2023-07-09 02:00:20,,,2023-07-09 02:00:20
3453,1414.0,4.0,1485,1414,1,0,3,565,10772.0,2009-02-08 00:00:00,,1899,2024-04-11 01:22:26,1899.0,,,2023-07-09 02:00:20,,,2023-07-09 02:00:20
3454,1415.0,1519.0,1486,1415,4,2,12,"565,603",11766.0,2010-02-27 00:00:00,,1991,2024-04-11 01:22:26,2001.0,,,2023-07-09 02:00:20,,,2023-07-09 02:00:20
3459,1420.0,252.0,1491,1420,1,0,0,565,10756.0,2009-02-08 00:00:00,,1900,2024-04-11 01:22:26,1900.0,,,2023-07-09 02:00:20,,,2023-07-09 02:00:20
3461,1422.0,939.0,1493,1422,1,0,3,264,10794.0,2009-11-20 00:00:00,,1888,2024-04-11 01:22:26,1888.0,,,2023-07-09 02:00:20,,,2023-07-09 02:00:20
3466,1427.0,941.0,1498,1427,1,0,4,264,10802.0,2009-11-20 00:00:00,,1892,2024-04-11 01:22:26,1892.0,,,2023-07-09 02:00:20,,,2023-07-09 02:00:20
3467,1428.0,942.0,1499,1428,1,0,4,264,10804.0,2009-11-20 00:00:00,,1892,2024-04-11 01:22:26,1892.0,,,2023-07-09 02:00:20,,,2023-07-09 02:00:20
3474,1435.0,945.0,1506,1435,1,0,3,264,10816.0,2009-11-20 00:00:00,,1888,2024-04-11 01:22:26,1888.0,,,2023-07-09 02:00:20,,,2023-07-09 02:00:20
3477,1438.0,950.0,1509,1438,1,0,2,264,10822.0,2009-11-20 00:00:00,,1892,2024-04-11 01:22:26,1892.0,,,2023-07-09 02:00:20,,,2023-07-09 02:00:20
3480,1441.0,177.0,1512,1441,1,0,3,110,10826.0,2008-02-10 00:00:00,,1899,2024-04-11 01:22:26,1899.0,,,2023-07-09 02:00:20,,,2023-07-09 02:00:20
3482,1443.0,1444.0,1514,1443,2,1,4,110,10860.0,2008-02-17 00:00:00,,1902,2024-04-11 01:22:26,1908.0,,,2023-07-09 02:00:20,,,2023-07-09 02:00:20
3485,1445.0,260.0,1516,1445,1,0,2,110,10832.0,2008-02-10 00:00:00,,1894,2024-04-11 01:22:26,1894.0,,,2023-07-09 02:00:20,,,2023-07-09 02:00:20
3488,1448.0,1449.0,1519,1448,1,0,3,110,10838.0,2008-02-10 00:00:00,,1896,2024-04-11 01:22:26,1896.0,,,2023-07-09 02:00:20,,,2023-07-09 02:00:20
3490,1451.0,1452.0,1521,1451,2,1,5,110,10865.0,2008-02-17 00:00:00,,1900,2024-04-11 01:22:26,1904.0,,,2023-07-09 02:00:20,,,2023-07-09 02:00:20
3494,1455.0,255.0,1525,1455,1,0,2,110,10846.0,2008-02-10 00:00:00,,1894,2024-04-11 01:22:26,1894.0,,,2023-07-09 02:00:20,,,2023-07-09 02:00:20
3495,1456.0,1457.0,1526,1456,2,1,4,110,10868.0,2008-02-17 00:00:00,,1904,2024-04-11 01:22:26,1908.0,,,2023-07-09 02:00:20,,,2023-07-09 02:00:20
3498,1458.0,142.0,1528,1458,1,0,3,110,10848.0,2008-02-10 00:00:00,,1902,2024-04-11 01:22:26,1902.0,,,2023-07-09 02:00:20,,,2023-07-09 02:00:20
3500,1461.0,258.0,1530,1461,1,0,2,110,10850.0,2008-02-10 00:00:00,,1892,2024-04-11 01:22:26,1892.0,,,2023-07-09 02:00:20,,,2023-07-09 02:00:20
3501,1462.0,1463.0,1531,1462,1,0,0,110,10851.0,2008-02-10 00:00:00,,1900,2024-04-11 01:22:26,1900.0,,,2023-07-09 02:00:20,,,2023-07-09 02:00:20
3502,1463.0,261.0,1532,1463,2,0,2,110,10870.0,2008-02-17 00:00:00,,1894,2024-04-11 01:22:26,1900.0,,,2023-07-09 02:00:20,,,2023-07-09 02:00:20
3503,1464.0,261.0,1533,1464,1,0,0,110,10852.0,2008-02-10 00:00:00,,1900,2024-04-11 01:22:26,1900.0,,,2023-07-09 02:00:20,,,2023-07-09 02:00:20
3505,1466.0,1467.0,1535,1466,2,1,4,110,10872.0,2008-02-17 00:00:00,,1902,2024-04-11 01:22:26,1908.0,,,2023-07-09 02:00:20,,,2023-07-09 02:00:20
3508,1468.0,168.0,1537,1468,1,0,2,110,10856.0,2008-02-10 00:00:00,,1894,2024-04-11 01:22:26,1894.0,,,2023-07-09 02:00:20,,,2023-07-09 02:00:20
3509,1469.0,1446.0,1538,1469,2,1,5,110,10862.0,2008-02-17 00:00:00,,1900,2024-04-11 01:22:26,1904.0,,,2023-07-09 02:00:20,,,2023-07-09 02:00:20
3561,1522.0,1523.0,1624,1522,1,0,0,603,11742.0,2010-02-14 00:00:00,,1900,2024-04-11 01:22:26,1900.0,,,,,,
3568,1529.0,1174.0,1631,1529,1,0,0,603,11751.0,2010-02-14 00:00:00,,1900,2024-04-11 01:22:26,1900.0,,,,,,
3569,1530.0,1531.0,1632,1530,1,0,7,603,11752.0,2010-02-10 00:00:00,,1896,2024-04-11 01:22:26,1896.0,,,,,,
3570,1531.0,451.0,1633,1531,2,1,10,603,11773.0,2010-02-24 00:00:00,,1892,2024-04-11 01:22:26,1904.0,,,,,,
3627,1590.0,1332.0,1706,1590,6,2,16,"640,677",13383.0,2024-03-04 00:00:00,,1896,2024-04-11 01:22:26,1902.0,,,,,,
3637,1602.0,801.0,1718,1602,1,0,3,655,12939.0,2023-11-13 00:00:00,,1891,2024-04-11 01:22:26,1891.0,,,,,,
3638,1603.0,1060.0,1719,1603,1,0,4,655,12940.0,2023-11-16 00:00:00,,1896,2024-04-11 01:22:26,1896.0,,,,,,
3645,1610.0,427.0,1726,1610,2,0,2,147,13148.0,2000-10-11 00:00:00,,1892,2024-04-11 01:22:26,1896.0,,,,,,
3647,1611.0,391.0,1727,1611,2,0,2,147,13147.0,2000-10-11 00:00:00,,1894,2024-04-11 01:22:26,1897.0,,,,,,
3649,1612.0,391.0,1728,1612,1,0,1,147,13143.0,2000-10-11 00:00:00,,1897,2024-04-11 01:22:26,1897.0,,,,,,
3651,1614.0,1615.0,1730,1614,2,1,2,147,13149.0,2000-10-11 00:00:00,,1901,2024-04-11 01:22:26,1904.0,,,,,,
3653,1616.0,433.0,1732,1616,1,0,1,147,13146.0,2000-10-11 00:00:00,,1897,2024-04-11 01:22:26,1897.0,,,,,,
3664,1629.0,1630.0,1743,1629,3,0,8,677,13378.0,2024-02-22 00:00:00,,1886,2024-04-11 01:22:26,1894.0,,,,,,
3666,1630.0,1590.0,1744,1630,4,1,12,"677,690",13489.0,2024-03-13 00:00:00,,1898,2024-04-11 01:22:26,1904.0,,,,,,
